-- phpMyAdmin SQL Dump
-- version 4.9.7
-- https://www.phpmyadmin.net/
--
-- Host: localhost:3306
-- Generation Time: Nov 28, 2021 at 12:44 PM
-- Server version: 10.2.41-MariaDB
-- PHP Version: 7.3.32

SET SQL_MODE = "NO_AUTO_VALUE_ON_ZERO";
SET AUTOCOMMIT = 0;
START TRANSACTION;
SET time_zone = "+00:00";


/*!40101 SET @OLD_CHARACTER_SET_CLIENT=@@CHARACTER_SET_CLIENT */;
/*!40101 SET @OLD_CHARACTER_SET_RESULTS=@@CHARACTER_SET_RESULTS */;
/*!40101 SET @OLD_COLLATION_CONNECTION=@@COLLATION_CONNECTION */;
/*!40101 SET NAMES utf8mb4 */;

--
-- Database: `realtyexperts_rec`
--

-- --------------------------------------------------------

--
-- Table structure for table `abouts`
--

CREATE TABLE `abouts` (
  `id` bigint(20) UNSIGNED NOT NULL,
  `video_link` varchar(191) COLLATE utf8mb4_unicode_ci NOT NULL,
  `years_of_success` varchar(191) COLLATE utf8mb4_unicode_ci NOT NULL,
  `image` varchar(191) COLLATE utf8mb4_unicode_ci NOT NULL,
  `created_at` timestamp NOT NULL DEFAULT current_timestamp(),
  `updated_at` timestamp NOT NULL DEFAULT current_timestamp() ON UPDATE current_timestamp()
) ENGINE=InnoDB DEFAULT CHARSET=utf8mb4 COLLATE=utf8mb4_unicode_ci;

--
-- Dumping data for table `abouts`
--

INSERT INTO `abouts` (`id`, `video_link`, `years_of_success`, `image`, `created_at`, `updated_at`) VALUES
(1, 'https://www.youtube.com/watch?v=T7Iqe3K4Vog&ab_channel=Realtyexperts', '4', '2KuUqOGUuBBhhPdx5Mj5mnrLM6PBIZ0dPyEMzIVp.jpeg', '2020-10-13 12:27:05', '2020-10-15 09:30:41');

-- --------------------------------------------------------

--
-- Table structure for table `about_translations`
--

CREATE TABLE `about_translations` (
  `id` bigint(20) UNSIGNED NOT NULL,
  `title` varchar(191) COLLATE utf8mb4_unicode_ci NOT NULL,
  `subtitle` varchar(191) COLLATE utf8mb4_unicode_ci NOT NULL,
  `description` text COLLATE utf8mb4_unicode_ci NOT NULL,
  `tour` text COLLATE utf8mb4_unicode_ci NOT NULL,
  `mission` text COLLATE utf8mb4_unicode_ci NOT NULL,
  `vision` text COLLATE utf8mb4_unicode_ci NOT NULL,
  `value` text COLLATE utf8mb4_unicode_ci NOT NULL,
  `goals` text COLLATE utf8mb4_unicode_ci NOT NULL,
  `about_id` bigint(20) UNSIGNED NOT NULL,
  `locale` varchar(191) COLLATE utf8mb4_unicode_ci NOT NULL,
  `created_at` timestamp NOT NULL DEFAULT current_timestamp(),
  `updated_at` timestamp NOT NULL DEFAULT current_timestamp() ON UPDATE current_timestamp()
) ENGINE=InnoDB DEFAULT CHARSET=utf8mb4 COLLATE=utf8mb4_unicode_ci;

--
-- Dumping data for table `about_translations`
--

INSERT INTO `about_translations` (`id`, `title`, `subtitle`, `description`, `tour`, `mission`, `vision`, `value`, `goals`, `about_id`, `locale`, `created_at`, `updated_at`) VALUES
(1, 'REALTY EXPERTS CONSULTANCY', 'BE INVESTOR NOT A LANDLORD.', 'Then we started our own entity at 2018 REC. . The Company strives with dedication to determine the needs of the clients and excels in providing the right solutions to meet the client’s expectations and attain the critical success factors in respect of service\r\n                              This Unique entity is managed by Mr. Haitham Anan who has been working over 19 years at the Egyptian Military establishment, and has been one of this great establishment He shares great Value’s, as integrity, honestly, Respect and the value of professional Teamwork, which become our Value\r\n                              REC combined our personalized style of Customer Service knowledge of the industry and commitment of training we are sure to be your freelance change property consultant.', 'AFTER TWO YEARS OF EXCESSIVE WORK AND ACHIEVEMENTS, WE ACHIEVED ONE OF OUR MAIN GOALS TO GAIN THE TRUST OF THE ACUD. AND TO BE THERE EXCLUSIVE REPRESENTATIVE FOR DEMONSTRATING THE NEW ADMINISTRATIVE CAPITAL BY PREPARING AND MANAGING INFORMATIVE TO THE NEW CAPITAL.\r\n                       WE ORGANIZED MORE THAN 37 VISITS WITH MORE THAN 4000 VISITORS, FROM DECEMBER 2018 TILL MAY 2019. SHOWING THE GREAT ACHIEVEMENT THAT HAVE BEEN DONE IN SHORT TIME, VISITING THE MOSQUE, CATHEDRAL AND AL-MASA HOTEL.\r\n                       AS WE DO BELIEVE THAT WE HAVE ROLE TOWARDS OUR COUNTRY AND OUR COMMUNITY, WE WORKED HARD TO HIGHLIGHT THE GREAT IMPORTANCE, VALUE, AND BENEFITS OF THE NEW ADMINISTRATIVE CAPITAL. DUE TO OUR EFFORTS ,WE INCREASE THE AWARENESS OF PEOPLE ABOUT THE PROJECT AND SO THE SALES OF ALL THE DEVELOPERS HAVE BEEN INCREASED , AND WE WERE PART OF IT .', 'TO ACT IN THE BEST INTERESTS OF OUR CLIENTS AT ALL TIMES, BRINGING UNQUESTIONABLE ETHICS TO EACH TRANSACTION, TO BECOME TRUSTED ADVISORS FOR OUR CUSTOMERS ACQUISITION, DISPOSITIONS AND LEASING NEEDS TO DEVELOP LONG TERM CLIENT’S RELATIONS BY PROVIDING EXCEPTIONAL BROKERAGE SERVICE THAT DRIVES UNPARALLELED CUSTOMER SATISFACTION.', 'REALTY EXPERTS IS DETERMINED TO BE RECOGNIZED AS A PIONEER IN REAL ESTATE SECTOR, AS OUR MISSION IS TO PROVIDE OUR CLIENTS WITH THE HIGHEST QUALITY OF BROKERAGE SERVICES AVAILABLE, TO BRING VALUE ADDED AND HIGHLY QUALIFIED TEAM OF REAL ESTATE PROFESSIONALS TO THE TABLE FOR ALL OF OUR CLIENTS TO PROVIDE OUR CLIENTS WITH EXTENSIVE MARKET ANALYSIS THAT HELP THEM TO MAKE TIMELY AND APPROPRIATE INVESTMENT DECISION', 'OUR SUCCESS IS BUILT ON FOUNDATION OF SHARED VALUE’S .WE ARE PARTNERS OF PROGRESS OF OUR ESTEEMED CLIENT’S ,DELIVERING A PROMISE TO BE HONORED IN FUTURE AND INSTILL MUTUAL TRUST TO ENSURE OUR INTEGRITY IS UPHELD AS AN ONGOING EXERCISE', 'TO BECOME AND REMAIN OUR CLIENTS MOST TRUSTED ADVISOR, TO BE RECOGNIZED FOR DELIVERING SUPERIOR COMBINATION OF SUCCESSFUL INVESTMENT SOLUTIONS AND EXCEPTIONAL CUSTOMER SERVICE.OUR VISION REMINDS THAT CLIENTS THE BUSINESS WHERE THEY ARE WELCOME AND STAY WERE, THEY ARE APPRECIATED.', 1, 'en', '2020-10-13 12:27:05', '2020-10-15 09:30:41'),
(2, 'استشارات الخبراء العقارات', 'كن مستثمرًا وليس مالكًا.', 'ثم بدأنا كياننا الخاص في 2018 REC. . تسعى الشركة جاهدة لتحديد احتياجات العملاء وتتفوق في تقديم الحلول الصحيحة لتلبية توقعات العميل وتحقيق عوامل النجاح الحاسمة فيما يتعلق بالخدمة\r\nيدير هذا الكيان الفريد السيد هيثم عنان الذي عمل لأكثر من 19 عامًا في المؤسسة العسكرية المصرية ، وكان أحد هذه المؤسسات العظيمة الذي يشاركه قيمة كبيرة ، من حيث النزاهة والصدق والاحترام وقيمة العمل الجماعي الاحترافي ، والذي تصبح قيمتنا\r\nجمعت REC بين أسلوبنا الشخصي في معرفة خدمة العملاء بالصناعة والالتزام بالتدريب ، فنحن على يقين من أن نكون مستشارًا مستقلًا لممتلكات التغيير.', 'بعد عامين من العمل والإنجازات المكثفة ، حققنا أحد أهدافنا الرئيسية لاكتساب ثقة ACUD. وأن يكون هناك ممثل حصري لعرض رأس المال الإداري الجديد من خلال إعداد وإدارة المعلومات الخاصة بالعاصمة الجديدة.\r\nنظمنا أكثر من 37 زيارة مع أكثر من 4000 زائر ، من ديسمبر 2018 حتى مايو 2019. عرض الإنجاز الكبير الذي تم إنجازه في وقت قصير ، من خلال زيارة المسجد وفندق الكاتيدرال وفندق الماسة.\r\nكما نؤمن بأن لدينا دورًا تجاه بلدنا ومجتمعنا ، فقد عملنا بجد لتسليط الضوء على الأهمية الكبيرة والقيمة والفوائد التي يتمتع بها رأس المال الإداري الجديد. بفضل جهودنا ، قمنا بزيادة وعي الناس بالمشروع ، وبالتالي زادت مبيعات جميع المطورين ، وكنا جزءًا منه.', 'العمل في أفضل اهتمامات عملائنا في جميع الأوقات ، وتقديم الأخلاقيات التي لا جدال فيها في كل معاملة ، لتصبح مستشارين موثوقين لحيازة عملائنا ، والتنازلات ، واحتياجات التأجير لتطوير علاقات العملاء على المدى الطويل من خلال علاقات العملاء الموحدة.', 'من المقرر أن يتم الاعتراف بالخبراء الحقيقيين كشركة رائدة في قطاع العقارات ، حيث تتمثل مهمتنا في تزويد عملائنا بأعلى جودة من خدمات الوساطة المتاحة ، لتحقيق القيمة المضافة والتقدير عالي الجودة. يقدم عملاؤنا لعملائنا تحليلًا مكثفًا للسوق يساعدهم على اتخاذ قرار الاستثمار في الوقت المناسب والمناسب', 'تم بناء نجاحنا على أساس القيم المشتركة. نحن شركاء في تقدم عملائنا الكرام ، ونقدم الوعد بالتكريم في المستقبل وثقة متبادلة لضمان تحقيق نزاهتنا', 'لنصبح مستشارًا أكثر ثقة لعملائنا والاحتفاظ بهم ، ليتم الاعتراف بهم لتقديم مجموعة متميزة من حلول الاستثمار الناجحة وخدمة العملاء الاستثنائية. تذكر رؤيتنا أن العملاء هم مكان العمل حيث هم موجودون ومكانهم.', 1, 'ar', '2020-10-13 12:27:05', '2020-11-02 16:51:12');

-- --------------------------------------------------------

--
-- Table structure for table `admins`
--

CREATE TABLE `admins` (
  `id` bigint(20) UNSIGNED NOT NULL,
  `name` varchar(191) COLLATE utf8mb4_unicode_ci NOT NULL,
  `email` varchar(191) COLLATE utf8mb4_unicode_ci NOT NULL,
  `email_verified_at` timestamp NULL DEFAULT NULL,
  `password` varchar(191) COLLATE utf8mb4_unicode_ci NOT NULL,
  `remember_token` varchar(100) COLLATE utf8mb4_unicode_ci DEFAULT NULL,
  `created_at` timestamp NOT NULL DEFAULT current_timestamp(),
  `updated_at` timestamp NOT NULL DEFAULT current_timestamp() ON UPDATE current_timestamp()
) ENGINE=InnoDB DEFAULT CHARSET=utf8mb4 COLLATE=utf8mb4_unicode_ci;

--
-- Dumping data for table `admins`
--

INSERT INTO `admins` (`id`, `name`, `email`, `email_verified_at`, `password`, `remember_token`, `created_at`, `updated_at`) VALUES
(1, 'admin', 'admin@rec.com', NULL, '$2y$10$488PLyC.0Rt9NkysRuRk8ewVx3bp7kqRZAmsMBP78ynpkNcFWFqaO', 'Lnz9BYWHRQorLfOjR1C2k1zqAQtUScI2iCHOrkleFg4uNENEIdj1raeJm3sq', '2020-10-13 12:27:05', '2021-04-11 13:41:58');

-- --------------------------------------------------------

--
-- Table structure for table `categories`
--

CREATE TABLE `categories` (
  `id` bigint(20) UNSIGNED NOT NULL,
  `created_at` timestamp NOT NULL DEFAULT current_timestamp(),
  `updated_at` timestamp NOT NULL DEFAULT current_timestamp() ON UPDATE current_timestamp()
) ENGINE=InnoDB DEFAULT CHARSET=utf8mb4 COLLATE=utf8mb4_unicode_ci;

--
-- Dumping data for table `categories`
--

INSERT INTO `categories` (`id`, `created_at`, `updated_at`) VALUES
(1, '2020-10-13 12:47:03', '2020-10-13 12:47:03'),
(2, '2020-10-15 11:07:17', '2020-10-15 11:07:17'),
(3, '2020-10-15 11:07:34', '2020-10-15 11:07:34'),
(4, '2020-10-15 11:07:49', '2020-10-15 11:07:49'),
(6, '2020-10-15 11:37:49', '2020-10-15 11:37:49'),
(7, '2021-01-14 23:05:15', '2021-01-14 23:05:15'),
(8, '2021-04-06 04:17:23', '2021-04-06 04:17:23'),
(9, '2021-04-07 20:26:34', '2021-04-07 20:26:34');

-- --------------------------------------------------------

--
-- Table structure for table `category_translations`
--

CREATE TABLE `category_translations` (
  `id` bigint(20) UNSIGNED NOT NULL,
  `name` varchar(191) COLLATE utf8mb4_unicode_ci NOT NULL,
  `category_id` bigint(20) UNSIGNED NOT NULL,
  `locale` varchar(191) COLLATE utf8mb4_unicode_ci NOT NULL,
  `created_at` timestamp NOT NULL DEFAULT current_timestamp(),
  `updated_at` timestamp NOT NULL DEFAULT current_timestamp() ON UPDATE current_timestamp()
) ENGINE=InnoDB DEFAULT CHARSET=utf8mb4 COLLATE=utf8mb4_unicode_ci;

--
-- Dumping data for table `category_translations`
--

INSERT INTO `category_translations` (`id`, `name`, `category_id`, `locale`, `created_at`, `updated_at`) VALUES
(5, 'uncategorized', 1, 'en', '2020-10-13 12:47:03', '2020-10-13 12:47:03'),
(6, 'غير مصنف', 1, 'ar', '2020-10-13 12:47:03', '2020-10-13 12:47:03'),
(7, 'Administrative', 2, 'en', '2020-10-15 11:07:17', '2020-10-15 11:07:17'),
(8, 'اداري', 2, 'ar', '2020-10-15 11:07:17', '2020-10-15 11:07:17'),
(9, 'Commercial', 3, 'en', '2020-10-15 11:07:34', '2020-10-15 11:07:34'),
(10, 'تجاري', 3, 'ar', '2020-10-15 11:07:34', '2020-10-15 11:07:34'),
(11, 'Residential', 4, 'en', '2020-10-15 11:07:49', '2020-10-15 11:07:49'),
(12, 'اقامه', 4, 'ar', '2020-10-15 11:07:49', '2020-10-15 11:07:49'),
(15, 'Coastal', 6, 'en', '2020-10-15 11:37:49', '2020-10-15 11:37:49'),
(16, 'ساحلي', 6, 'ar', '2020-10-15 11:37:49', '2020-10-15 11:37:59'),
(17, '(Commercial, Administrative, Medical)', 7, 'en', '2021-01-14 23:05:15', '2021-01-14 23:05:15'),
(18, '(Commercial, Administrative, Medical)', 7, 'ar', '2021-01-14 23:05:15', '2021-01-14 23:05:15'),
(19, 'Commercial & Administrative', 8, 'en', '2021-04-06 04:17:23', '2021-04-06 04:17:23'),
(20, 'تجاري و إداري', 8, 'ar', '2021-04-06 04:17:23', '2021-04-06 04:17:23'),
(21, 'Commercial, Administrative, Medical, Hotel Apartments', 9, 'en', '2021-04-07 20:26:34', '2021-04-07 20:26:34'),
(22, 'Commercial, Administrative, Medical, Hotel Apartments', 9, 'ar', '2021-04-07 20:26:34', '2021-04-07 20:26:34');

-- --------------------------------------------------------

--
-- Table structure for table `failed_jobs`
--

CREATE TABLE `failed_jobs` (
  `id` bigint(20) UNSIGNED NOT NULL,
  `connection` text COLLATE utf8mb4_unicode_ci NOT NULL,
  `queue` text COLLATE utf8mb4_unicode_ci NOT NULL,
  `payload` longtext COLLATE utf8mb4_unicode_ci NOT NULL,
  `exception` longtext COLLATE utf8mb4_unicode_ci NOT NULL,
  `failed_at` timestamp NOT NULL DEFAULT current_timestamp()
) ENGINE=InnoDB DEFAULT CHARSET=utf8mb4 COLLATE=utf8mb4_unicode_ci;

-- --------------------------------------------------------

--
-- Table structure for table `galleries`
--

CREATE TABLE `galleries` (
  `id` bigint(20) UNSIGNED NOT NULL,
  `image` varchar(191) COLLATE utf8mb4_unicode_ci NOT NULL,
  `created_at` timestamp NOT NULL DEFAULT current_timestamp(),
  `updated_at` timestamp NOT NULL DEFAULT current_timestamp() ON UPDATE current_timestamp()
) ENGINE=InnoDB DEFAULT CHARSET=utf8mb4 COLLATE=utf8mb4_unicode_ci;

--
-- Dumping data for table `galleries`
--

INSERT INTO `galleries` (`id`, `image`, `created_at`, `updated_at`) VALUES
(10, 'RGEoVhCkUQha2MwGnAlRDxWqMWIihZpuYEpyizGb.jpeg', '2021-04-12 07:20:45', '2021-04-12 07:20:45'),
(11, 'HQjqduz61Mb3PBjMG5XjLsaBJ0j4MUf4gmfeLJSh.jpeg', '2021-05-17 16:55:42', '2021-05-17 16:55:42');

-- --------------------------------------------------------

--
-- Table structure for table `home_sections`
--

CREATE TABLE `home_sections` (
  `id` bigint(20) UNSIGNED NOT NULL,
  `image` varchar(191) COLLATE utf8mb4_unicode_ci NOT NULL,
  `created_at` timestamp NOT NULL DEFAULT current_timestamp(),
  `updated_at` timestamp NOT NULL DEFAULT current_timestamp() ON UPDATE current_timestamp()
) ENGINE=InnoDB DEFAULT CHARSET=utf8mb4 COLLATE=utf8mb4_unicode_ci;

--
-- Dumping data for table `home_sections`
--

INSERT INTO `home_sections` (`id`, `image`, `created_at`, `updated_at`) VALUES
(1, '4xGzhMI1En9aaxWV91cG6PpLYSBJDN96BEf9vkvC.jpeg', '2020-10-13 12:27:05', '2020-10-19 03:53:09');

-- --------------------------------------------------------

--
-- Table structure for table `home_section_translations`
--

CREATE TABLE `home_section_translations` (
  `id` bigint(20) UNSIGNED NOT NULL,
  `first_section_title` varchar(191) COLLATE utf8mb4_unicode_ci NOT NULL,
  `first_section_slogan` varchar(191) COLLATE utf8mb4_unicode_ci NOT NULL,
  `first_section_description` text COLLATE utf8mb4_unicode_ci NOT NULL,
  `projects_title` varchar(191) COLLATE utf8mb4_unicode_ci NOT NULL,
  `projects_description` text COLLATE utf8mb4_unicode_ci NOT NULL,
  `team_title` varchar(191) COLLATE utf8mb4_unicode_ci NOT NULL,
  `team_description` text COLLATE utf8mb4_unicode_ci NOT NULL,
  `partners_title` varchar(191) COLLATE utf8mb4_unicode_ci NOT NULL,
  `partners_description` text COLLATE utf8mb4_unicode_ci NOT NULL,
  `gallery_title` varchar(191) COLLATE utf8mb4_unicode_ci NOT NULL,
  `gallery_description` text COLLATE utf8mb4_unicode_ci NOT NULL,
  `home_section_id` bigint(20) UNSIGNED NOT NULL,
  `locale` varchar(191) COLLATE utf8mb4_unicode_ci NOT NULL,
  `created_at` timestamp NOT NULL DEFAULT current_timestamp(),
  `updated_at` timestamp NOT NULL DEFAULT current_timestamp() ON UPDATE current_timestamp()
) ENGINE=InnoDB DEFAULT CHARSET=utf8mb4 COLLATE=utf8mb4_unicode_ci;

--
-- Dumping data for table `home_section_translations`
--

INSERT INTO `home_section_translations` (`id`, `first_section_title`, `first_section_slogan`, `first_section_description`, `projects_title`, `projects_description`, `team_title`, `team_description`, `partners_title`, `partners_description`, `gallery_title`, `gallery_description`, `home_section_id`, `locale`, `created_at`, `updated_at`) VALUES
(1, 'Realty <span>Experts</span> Consultancy', 'BE INVESTOR NOT A LANDLORD', 'The Company strives with dedication to determine the needs of the clients and excels in providing the right solutions to meet the client’s expectations and attain the critical success factors in respect of service', 'LATEST PROJECTS', 'REC combined our personalized style of Customer Service knowledge of the industry and commitment of training we are sure to be your freelance change property consultant.', 'OUR TEAM', 'REC combined our personalized style of Customer Service knowledge of the industry and commitment of training we are sure to be your freelance change property consultant.', 'OUR PARTNERS', 'REC combined our personalized style of Customer Service knowledge of the industry and commitment of training we are sure to be your freelance change property consultant.', 'GREAT MOMENTS', 'REC combined our personalized style of Customer Service knowledge of the industry and commitment of training we are sure to be your freelance change property consultant.', 1, 'en', '2020-10-13 12:27:05', '2020-10-13 12:27:05'),
(2, '<span>خبراء </span> إستشارات عقارية', 'BE INVESTOR NOT A LANDLORD', 'تسعى الشركة جاهدة لتحديد احتياجات العملاء وتتفوق في تقديم الحلول الصحيحة لتلبية توقعات العميل وتحقيق عوامل النجاح الحاسمة فيما يتعلق بالخدمة', 'أحدث المشاريع', 'جمعت REC بين أسلوبنا الشخصي في معرفة خدمة العملاء بالصناعة والالتزام بالتدريب ، فنحن على يقين من أن نكون مستشارًا مستقلًا لممتلكات التغيير.', 'فريق العمل', 'جمعت REC بين أسلوبنا الشخصي في معرفة خدمة العملاء بالصناعة والالتزام بالتدريب ، فنحن على يقين من أن نكون مستشارًا مستقلًا لممتلكات التغيير.', 'شركاء النجاح', 'جمعت REC بين أسلوبنا الشخصي في معرفة خدمة العملاء بالصناعة والالتزام بالتدريب ، فنحن على يقين من أن نكون مستشارًا مستقلًا لممتلكات التغيير.', 'معرض الصور', 'جمعت REC بين أسلوبنا الشخصي في معرفة خدمة العملاء بالصناعة والالتزام بالتدريب ، فنحن على يقين من أن نكون مستشارًا مستقلًا لممتلكات التغيير.', 1, 'ar', '2020-10-13 12:27:05', '2020-10-21 19:46:01');

-- --------------------------------------------------------

--
-- Table structure for table `members`
--

CREATE TABLE `members` (
  `id` bigint(20) UNSIGNED NOT NULL,
  `image` varchar(191) COLLATE utf8mb4_unicode_ci NOT NULL,
  `created_at` timestamp NOT NULL DEFAULT current_timestamp(),
  `updated_at` timestamp NOT NULL DEFAULT current_timestamp() ON UPDATE current_timestamp()
) ENGINE=InnoDB DEFAULT CHARSET=utf8mb4 COLLATE=utf8mb4_unicode_ci;

--
-- Dumping data for table `members`
--

INSERT INTO `members` (`id`, `image`, `created_at`, `updated_at`) VALUES
(5, 'J7Yl3R3kYAw2qpli9t3P7DVskaKZAF2GvDd9wHiS.jpeg', '2020-10-21 21:35:14', '2020-10-21 21:35:14'),
(8, 'ItDSbJENtiZLcq8RcQETyD4s9Ehie6wWPJURWy71.jpeg', '2020-10-21 21:45:44', '2020-10-21 21:45:44'),
(9, 'XAowq9bjBv4HAkE8rYE3JzniqUHhVsrqkBMoeB0Z.jpeg', '2020-11-02 19:03:37', '2020-11-02 19:21:32'),
(10, 'XBWNgtFTYiuEIjTVU8sfmwuOSBMtbbMkddrBVqxf.jpeg', '2021-01-11 16:43:30', '2021-01-11 16:43:30');

-- --------------------------------------------------------

--
-- Table structure for table `member_links`
--

CREATE TABLE `member_links` (
  `id` bigint(20) UNSIGNED NOT NULL,
  `facebook` varchar(191) COLLATE utf8mb4_unicode_ci DEFAULT NULL,
  `twitter` varchar(191) COLLATE utf8mb4_unicode_ci DEFAULT NULL,
  `instagram` varchar(191) COLLATE utf8mb4_unicode_ci DEFAULT NULL,
  `linkedin` varchar(191) COLLATE utf8mb4_unicode_ci DEFAULT NULL,
  `member_id` bigint(20) UNSIGNED NOT NULL,
  `created_at` timestamp NOT NULL DEFAULT current_timestamp(),
  `updated_at` timestamp NOT NULL DEFAULT current_timestamp() ON UPDATE current_timestamp()
) ENGINE=InnoDB DEFAULT CHARSET=utf8mb4 COLLATE=utf8mb4_unicode_ci;

--
-- Dumping data for table `member_links`
--

INSERT INTO `member_links` (`id`, `facebook`, `twitter`, `instagram`, `linkedin`, `member_id`, `created_at`, `updated_at`) VALUES
(1, NULL, NULL, NULL, 'https://www.linkedin.com/in/shaimaa-tallat-711a1517a', 1, '2020-10-15 13:13:52', '2020-10-21 21:31:41'),
(2, NULL, NULL, NULL, 'https://www.linkedin.com/in/ahmad-hashem-986475194', 5, '2020-10-21 21:38:20', '2020-10-21 21:38:20'),
(3, NULL, NULL, NULL, 'https://www.linkedin.com/in/abdelrahman-emadeddin-662b4a168', 6, '2020-10-21 21:40:21', '2020-10-21 21:40:21'),
(4, NULL, NULL, NULL, 'http://linkedin.com/in/abdlla-elhlawany-593881156', 9, '2020-11-02 19:22:28', '2020-11-02 19:22:28');

-- --------------------------------------------------------

--
-- Table structure for table `member_translations`
--

CREATE TABLE `member_translations` (
  `id` bigint(20) UNSIGNED NOT NULL,
  `name` varchar(191) COLLATE utf8mb4_unicode_ci NOT NULL,
  `position` varchar(191) COLLATE utf8mb4_unicode_ci NOT NULL,
  `member_id` bigint(20) UNSIGNED NOT NULL,
  `locale` varchar(191) COLLATE utf8mb4_unicode_ci NOT NULL,
  `created_at` timestamp NOT NULL DEFAULT current_timestamp(),
  `updated_at` timestamp NOT NULL DEFAULT current_timestamp() ON UPDATE current_timestamp()
) ENGINE=InnoDB DEFAULT CHARSET=utf8mb4 COLLATE=utf8mb4_unicode_ci;

--
-- Dumping data for table `member_translations`
--

INSERT INTO `member_translations` (`id`, `name`, `position`, `member_id`, `locale`, `created_at`, `updated_at`) VALUES
(9, 'Ahmad Hashem', 'Property consultant', 5, 'en', '2020-10-21 21:35:14', '2020-10-21 21:35:14'),
(10, 'أحمد هشام', 'استشاري عقارات', 5, 'ar', '2020-10-21 21:35:14', '2020-10-21 21:35:14'),
(15, 'Haitham anan', 'CEO', 8, 'en', '2020-10-21 21:45:44', '2020-10-21 21:45:44'),
(16, 'هيثم عنان', 'المدير التنفيذي', 8, 'ar', '2020-10-21 21:45:44', '2020-10-21 21:45:44'),
(17, 'Abdlla ElHlawany', 'Accounting Manger', 9, 'en', '2020-11-02 19:03:37', '2020-11-02 19:33:02'),
(18, 'عبدالله الحلوانى', 'المحاسب المالي', 9, 'ar', '2020-11-02 19:03:37', '2020-11-02 19:24:10'),
(19, 'Fouad Kasem', 'Sales Operation Manager', 10, 'en', '2021-01-11 16:43:30', '2021-01-11 16:43:30'),
(20, 'فؤاد قاسم', 'مدير عمليات المبيعات', 10, 'ar', '2021-01-11 16:43:30', '2021-01-11 16:43:30');

-- --------------------------------------------------------

--
-- Table structure for table `messages`
--

CREATE TABLE `messages` (
  `id` bigint(20) UNSIGNED NOT NULL,
  `name` varchar(191) COLLATE utf8mb4_unicode_ci NOT NULL,
  `phone` varchar(191) COLLATE utf8mb4_unicode_ci NOT NULL,
  `email` varchar(191) COLLATE utf8mb4_unicode_ci NOT NULL,
  `subject` varchar(191) COLLATE utf8mb4_unicode_ci NOT NULL,
  `message` varchar(191) COLLATE utf8mb4_unicode_ci NOT NULL,
  `seen` tinyint(4) NOT NULL DEFAULT 0,
  `created_at` timestamp NOT NULL DEFAULT current_timestamp(),
  `updated_at` timestamp NOT NULL DEFAULT current_timestamp() ON UPDATE current_timestamp()
) ENGINE=InnoDB DEFAULT CHARSET=utf8mb4 COLLATE=utf8mb4_unicode_ci;

--
-- Dumping data for table `messages`
--

INSERT INTO `messages` (`id`, `name`, `phone`, `email`, `subject`, `message`, `seen`, `created_at`, `updated_at`) VALUES
(1, 'mohamed elbiheiry', '01011093385', 'elbiheiry2@gmail.com', 'New message', 'new message new message new message new message new message new message new message new message new message new message new message new message new message new message new message new message', 1, '2020-10-14 13:41:30', '2020-10-14 11:43:37'),
(2, 'mohamed elbiheiry', '01011093385', 'elbiheiry2@gmail.com', 'New message', 'new message new message new message new message new message new message new message new message new message new message new message new message new message new message new message new message', 1, '2020-10-14 13:41:30', '2021-01-08 03:27:32'),
(3, 'mohamed elbiheiry', '01011093385', 'elbiheiry2@gmail.com', 'New message', 'new message new message new message new message new message new message new message new message new message new message new message new message new message new message new message new message', 1, '2020-10-14 13:41:30', '2020-10-14 11:43:37'),
(4, 'mohamed elbiheiry', '01011093385', 'elbiheiry2@gmail.com', 'New message', 'new message new message new message new message new message new message new message new message new message new message new message new message new message new message new message new message', 1, '2020-10-14 13:41:30', '2021-04-05 20:22:36'),
(5, 'mostafa samy', '01011093385', 'm.elbiheiry@brandbourne.com', 'test', 'test', 1, '2020-10-20 06:50:33', '2021-01-11 16:34:27'),
(6, 'Test', '01005411036', 'ffkasem@gmail.com', 'THE LOFT MALL - DOWNTOWN', 'Testing', 1, '2021-01-24 23:55:07', '2021-04-06 06:52:11'),
(7, 'Kassandra Billings', 'NA', 'kassandra@stardatagroup.com', 'Question?', 'Do you need more clients? \r\n\r\nWe have amazing databases starting at $9.99 until the end of the Month!\r\n\r\nVisit us at StarDataGroup.com', 1, '2021-02-23 22:53:09', '2021-04-05 20:22:18'),
(8, 'test', '01145554355', 'primehomesegy@gmail.com', 'SKY CITY', 'test 1', 1, '2021-04-05 19:26:19', '2021-04-06 06:52:43'),
(9, 'Fouad Kasem', '01005411036', 'ffkasem@hotmail.com', 'SKY CITY', 'test', 1, '2021-04-05 20:21:07', '2021-04-06 06:52:28'),
(10, 'Amie Register', '077 3127 2531', 'amie@lifemailnow.com', 'LifeMailNow.com - One Time cost, unlimited Emails', 'Hello,\r\n\r\nSend unlimited emails to unlimited lists with one click and no monthly fees!\r\n\r\n$99 once off!\r\n\r\nLifeMailNow.com', 1, '2021-04-14 01:46:34', '2021-04-27 20:59:21'),
(11, 'Alexander Boll', '83117517164', 'alexander466alan@gmail.com', 'Purchase likes and follower', 'Looking for Facebook likes or Instagram followers? \r\nWe can help you. Please visit https://1000-likes.com/ to place your order.', 1, '2021-04-23 09:22:11', '2021-04-27 20:59:33'),
(12, 'Bernt Maes', '85446125351', 'c_ontactreports87495@outlook.hu', 'Cold Steel for Hot Girls at Lock-Master.com', '5000+ Quality 3D Metal-Bondage and latex slavery pictures:  https://lock-master.com/ \r\nPreviews:   https://lock-master.com/previews/', 0, '2021-07-20 11:22:00', '2021-07-20 11:22:00'),
(13, 'Colleen Hansen', '86461578998', 'chanokformsen@gmail.com', 'Finance Your Business with Government-backed Grants', 'Explore government-backed grants and funding programs for your business! APPLY NOW - https://rebrand.ly/USAGOV-SmallBusiness-Grants', 0, '2021-09-29 08:44:40', '2021-09-29 08:44:40'),
(14, 'Charlesopids', '85897887286', 'georgiyfrolov1999364yfi+fn@bk.ru', 'Test, just a test', 'realtyexperts.co gbuihswdiwyfuwhdiwfbujdaodhwifwjdaqidhwufwudjqvbcnxsiwdui', 0, '2021-11-12 06:03:07', '2021-11-12 06:03:07'),
(15, 'Richarddam', '83182544851', 'verena.lang@eclipso.at', 'Launch Artificial Intelligence with one button and earn from $ 8785 per day', 'Income from one investment more $ 7996 per day >>>>>>>>>>>>>>  https://www.google.com/url?q=https%3A%2F%2Fvk.cc%2Fc7Wvjo&sa=D&79=09&usg=AFQjCNHj_a66ufJc5MfSABppuo4GGGxh6w   <<<<<<<<<<<', 0, '2021-11-18 08:30:28', '2021-11-18 08:30:28');

-- --------------------------------------------------------

--
-- Table structure for table `migrations`
--

CREATE TABLE `migrations` (
  `id` int(10) UNSIGNED NOT NULL,
  `migration` varchar(191) COLLATE utf8mb4_unicode_ci NOT NULL,
  `batch` int(11) NOT NULL
) ENGINE=InnoDB DEFAULT CHARSET=utf8mb4 COLLATE=utf8mb4_unicode_ci;

--
-- Dumping data for table `migrations`
--

INSERT INTO `migrations` (`id`, `migration`, `batch`) VALUES
(49, '2014_10_12_000000_create_users_table', 1),
(50, '2014_10_12_100000_create_password_resets_table', 1),
(51, '2019_08_19_000000_create_failed_jobs_table', 1),
(52, '2020_10_13_092848_create_admins_table', 1),
(53, '2020_10_13_093242_create_partners_table', 1),
(54, '2020_10_13_093332_create_settings_table', 1),
(55, '2020_10_13_093537_create_setting_translations_table', 1),
(56, '2020_10_13_093615_create_members_table', 1),
(57, '2020_10_13_093626_create_member_translations_table', 1),
(58, '2020_10_13_093935_create_abouts_table', 1),
(59, '2020_10_13_093950_create_about_translations_table', 1),
(60, '2020_10_13_094007_create_galleries_table', 1),
(61, '2020_10_13_094024_create_subscribers_table', 1),
(62, '2020_10_13_094045_create_messages_table', 1),
(63, '2020_10_13_094209_create_regions_table', 1),
(64, '2020_10_13_094226_create_region_translates_table', 1),
(65, '2020_10_13_094244_create_categories_table', 1),
(66, '2020_10_13_094259_create_category_translations_table', 1),
(67, '2020_10_13_094612_create_projects_table', 1),
(68, '2020_10_13_095901_create_project_translations_table', 1),
(69, '2020_10_13_095922_create_project_galleries_table', 1),
(70, '2020_10_13_100230_create_home_sections_table', 1),
(71, '2020_10_13_100241_create_home_section_translations_table', 1),
(72, '2020_10_13_101522_create_member_links_table', 1),
(73, '2020_10_13_105109_create_testimonials_table', 1),
(74, '2020_10_13_105122_create_testimonial_translations_table', 1);

-- --------------------------------------------------------

--
-- Table structure for table `partners`
--

CREATE TABLE `partners` (
  `id` bigint(20) UNSIGNED NOT NULL,
  `image` varchar(191) COLLATE utf8mb4_unicode_ci NOT NULL,
  `created_at` timestamp NOT NULL DEFAULT current_timestamp(),
  `updated_at` timestamp NOT NULL DEFAULT current_timestamp() ON UPDATE current_timestamp()
) ENGINE=InnoDB DEFAULT CHARSET=utf8mb4 COLLATE=utf8mb4_unicode_ci;

--
-- Dumping data for table `partners`
--

INSERT INTO `partners` (`id`, `image`, `created_at`, `updated_at`) VALUES
(1, 'higfUjUdW3utVLJxdWjoDBHIrohHYFknhmbIQAhM.png', '2020-10-15 11:48:15', '2020-10-15 11:48:15'),
(2, 'Rsudk455UwIzm0lsUr1A7V2CJcfq8qrKnHIQtPDW.png', '2020-10-15 11:48:23', '2020-10-15 11:48:23'),
(3, '02Sc7sDIZzjXLg4jh1oVV2KIlWiBRvjEiWXDBCbw.png', '2020-10-15 11:48:32', '2020-10-15 11:48:32'),
(4, 'Siot8HqGH5Lc3lbgv7pzl9Uvf1cE7bgcM6DS6rgy.png', '2020-10-15 11:48:43', '2020-10-15 11:48:43'),
(5, '2S1dWYAhsDJUrkj2IH9EYJO327euvSNzXvDQplvW.png', '2020-10-15 11:48:49', '2020-10-15 11:48:49'),
(6, 'K3vdLiPbFI7nOqkEGUX0p20W0hYDYvCyCnpewrKL.png', '2020-10-19 22:04:32', '2020-10-19 22:04:32'),
(7, 'Kux4lLbdPGYfv52O3DRYaNZDuIEPRncF4HEqs96a.png', '2020-10-19 22:04:51', '2020-10-19 22:04:51');

-- --------------------------------------------------------

--
-- Table structure for table `password_resets`
--

CREATE TABLE `password_resets` (
  `email` varchar(191) COLLATE utf8mb4_unicode_ci NOT NULL,
  `token` varchar(191) COLLATE utf8mb4_unicode_ci NOT NULL,
  `created_at` timestamp NULL DEFAULT NULL
) ENGINE=InnoDB DEFAULT CHARSET=utf8mb4 COLLATE=utf8mb4_unicode_ci;

-- --------------------------------------------------------

--
-- Table structure for table `projects`
--

CREATE TABLE `projects` (
  `id` bigint(20) UNSIGNED NOT NULL,
  `slug` varchar(191) COLLATE utf8mb4_unicode_ci NOT NULL,
  `category_id` bigint(20) UNSIGNED NOT NULL,
  `region_id` bigint(20) UNSIGNED NOT NULL,
  `video_link` varchar(191) COLLATE utf8mb4_unicode_ci DEFAULT NULL,
  `image` varchar(191) COLLATE utf8mb4_unicode_ci NOT NULL,
  `brochure` varchar(191) COLLATE utf8mb4_unicode_ci DEFAULT NULL,
  `min_price` varchar(191) COLLATE utf8mb4_unicode_ci DEFAULT NULL,
  `min_space` varchar(191) COLLATE utf8mb4_unicode_ci DEFAULT NULL,
  `max_price` varchar(191) COLLATE utf8mb4_unicode_ci DEFAULT NULL,
  `max_space` varchar(191) COLLATE utf8mb4_unicode_ci DEFAULT NULL,
  `map` text COLLATE utf8mb4_unicode_ci DEFAULT NULL,
  `created_at` timestamp NOT NULL DEFAULT current_timestamp(),
  `updated_at` timestamp NOT NULL DEFAULT current_timestamp() ON UPDATE current_timestamp()
) ENGINE=InnoDB DEFAULT CHARSET=utf8mb4 COLLATE=utf8mb4_unicode_ci;

--
-- Dumping data for table `projects`
--

INSERT INTO `projects` (`id`, `slug`, `category_id`, `region_id`, `video_link`, `image`, `brochure`, `min_price`, `min_space`, `max_price`, `max_space`, `map`, `created_at`, `updated_at`) VALUES
(7, 'el-galala-plaza', 3, 4, NULL, 'TTDyUIWcdvvKiY1GMaFpez8A1T85CQZQTQ5f3kKC.jpeg', NULL, NULL, NULL, NULL, NULL, NULL, '2020-10-22 18:11:23', '2020-10-22 18:22:09'),
(8, 'jura', 6, 4, 'https://www.youtube.com/watch?v=EVt3Nj76jes&ab_channel=Realtyexperts', 'oeZi6TQxvLL7fj9ymDM4bqwun5jr3vjbl3mrXKaj.jpeg', NULL, NULL, NULL, NULL, NULL, NULL, '2020-10-22 18:47:25', '2020-10-22 18:47:25'),
(9, '6ixty', 4, 2, NULL, 'Sx3Nv27T9bdnKbIS0xSz6mPRPzB8brrkZ9icfH4N.jpeg', NULL, NULL, NULL, NULL, NULL, NULL, '2020-10-22 19:04:48', '2020-10-22 19:04:48'),
(10, 'capital-hub-2', 3, 2, NULL, 'ovpskj5s5Jlz6e5iFPaDJOsHxwgyEOSXYgQH2eNO.jpeg', NULL, NULL, NULL, NULL, NULL, NULL, '2020-10-22 19:47:44', '2020-10-22 19:47:44'),
(12, 'heartwork', 3, 6, NULL, '5pMA86uWnsrwrhdwED3MPM8RmivBnOL5Gwbjrff8.jpeg', NULL, NULL, NULL, NULL, NULL, NULL, '2020-10-25 18:49:00', '2020-10-25 18:49:00'),
(13, 'smart-mall', 3, 6, NULL, 'Kzve7IWNCg7cE5Na2TRezqHMpCAIkOz34LUcF4fU.jpeg', NULL, NULL, NULL, NULL, NULL, NULL, '2020-10-25 19:00:41', '2020-10-25 19:00:41'),
(14, 'town-gate-strip-mall', 3, 2, NULL, 'cCusIkBX7B5lDTe3qP6sxLP1LEjxbIn4XjwjZ0rF.jpeg', NULL, NULL, NULL, NULL, NULL, NULL, '2020-10-25 19:06:59', '2020-10-25 19:06:59'),
(15, 'beta-greens-new-cairo', 4, 6, NULL, 'hVO5J1KTfmX4lJyaUNHMPO1EeRNmGBnbirxMWgvq.jpeg', NULL, NULL, NULL, NULL, NULL, NULL, '2020-10-25 19:21:19', '2020-10-25 19:21:19'),
(16, 'evira-mall', 3, 2, NULL, '5FIOJZ6geD5w6loSu0hsWL82j7ZlI5bMZ0ydJDYq.jpeg', NULL, NULL, NULL, NULL, NULL, NULL, '2020-10-25 19:24:50', '2020-10-25 19:24:50'),
(17, 'financial-hub', 3, 2, NULL, 'docJHSiEN6JmNujwNFoZfitYySVf9YcfjdbCK5IY.jpeg', NULL, NULL, NULL, NULL, NULL, NULL, '2020-10-25 19:27:45', '2020-10-25 19:27:45'),
(18, 'green-avenue', 4, 2, 'https://www.youtube.com/watch?v=rgQqbhcWTmg&list', 'PXMLS7tLvCUyqZ3nJS7dwospUHeYH83ioTDmDGel.jpeg', NULL, NULL, NULL, NULL, NULL, NULL, '2020-10-25 19:32:33', '2020-10-25 19:34:16'),
(20, 'i-business', 7, 2, NULL, 'w0MMQ19c6QmvQiNHYvDeNKRwa2cfjlPryMDa3FgO.jpeg', NULL, NULL, NULL, NULL, NULL, NULL, '2021-01-05 22:15:15', '2021-01-19 18:38:13'),
(21, 'pyramids-tower', 7, 2, NULL, 'NLw2GP7Upcz63vQa8sc7SKeRiAanvhRC1OuEOOyy.jpeg', NULL, NULL, NULL, NULL, NULL, NULL, '2021-01-05 23:56:29', '2021-01-19 19:09:00'),
(22, 'oia-tower', 3, 2, NULL, 's3o4VNXHDmDVJFuiwjTafXsJPVzdoOSOMfqOGyCK.jpeg', NULL, NULL, NULL, NULL, NULL, NULL, '2021-01-06 19:00:56', '2021-01-10 22:30:54'),
(23, 'smart-tower', 3, 2, NULL, 'fxX9UqVmXxqKouZJFVAfZZajQ1tHED7PNUI5A1RP.jpeg', NULL, NULL, NULL, NULL, NULL, NULL, '2021-01-06 22:14:25', '2021-01-06 22:14:25'),
(24, 'smart-mall-1', 3, 2, NULL, 'R7AZZDduAp1LPDcsb1zubepR8PZSEiXvBugDcQQw.jpeg', NULL, NULL, NULL, NULL, NULL, NULL, '2021-01-10 22:23:46', '2021-01-10 22:23:46'),
(26, 'ezdan-mall', 3, 2, NULL, 'AEl3Twj0GLCsPC13XN22iMwoOJWDd71hX2mD0q0F.jpeg', NULL, NULL, NULL, NULL, NULL, NULL, '2021-01-11 18:57:08', '2021-01-11 18:57:08'),
(27, 'vida-mall', 7, 2, NULL, 'roi9AAa7TmaJZhvxwZDu2QHcGMTaZmZVnD9DY9Bo.png', NULL, NULL, NULL, NULL, NULL, NULL, '2021-01-11 20:35:20', '2021-01-17 18:39:38'),
(28, 'rixoz-mall', 7, 2, NULL, '0W4knB7Ct3FGelkaxs1MD1G6Aec0oanja3loPWx4.jpeg', NULL, NULL, NULL, NULL, NULL, NULL, '2021-01-11 21:14:52', '2021-01-25 21:24:36'),
(29, 'pyramids-mall', 3, 2, NULL, 'D2sDu1I2kJUWupBFmMNHGAldrYscvoW5NjZNHdpD.jpeg', NULL, NULL, NULL, NULL, NULL, NULL, '2021-01-17 17:19:55', '2021-01-18 17:41:38'),
(30, 'za-mall', 3, 2, NULL, 'fSlRimhEG1RSxPkDSIqoxwjAV7YfaMmgPRthjAeP.jpeg', NULL, NULL, NULL, NULL, NULL, NULL, '2021-01-17 17:44:43', '2021-01-17 17:44:43'),
(31, 'dorado-mall', 7, 2, NULL, 'qI3GZhHBxuM9Wr2NH4v8xNymkQfeS2X7PM4GDScj.jpeg', NULL, NULL, NULL, NULL, NULL, NULL, '2021-01-17 18:08:43', '2021-01-17 18:23:36'),
(32, 'evira-mall-1', 3, 2, NULL, 'qhWlplguF2CKtc9jOQgmI7GXSkkJr1Kz6nxZkpOJ.jpeg', NULL, NULL, NULL, NULL, NULL, NULL, '2021-01-20 07:23:43', '2021-01-25 19:59:04'),
(33, 'x-business-complex', 7, 2, NULL, 'Dx3TAtoj2CQTBOuBfxK04lzwu2tt5YhOzPdno8tl.jpeg', NULL, NULL, NULL, NULL, NULL, NULL, '2021-01-20 07:26:21', '2021-01-20 07:26:21'),
(38, 'jd-tower-10', 7, 2, NULL, 'qFQ2sIzGAo5dPfqLfnD9yhcaIMVFbqRrPmaiEM8e.jpeg', NULL, NULL, NULL, NULL, NULL, NULL, '2021-01-20 07:34:46', '2021-01-20 07:34:46'),
(39, 'point-9-mall', 3, 2, NULL, 'UDuqSvF8cixhOKJDyXvgxd817XH0ozEMLBeuqKgS.jpeg', NULL, NULL, NULL, NULL, NULL, NULL, '2021-01-21 19:54:38', '2021-04-06 03:55:42'),
(40, 'the-loft-mall-downtown', 3, 2, NULL, 'lXLWkGYkyVwOKv8lAYFBbYUmlo0MeGgCXUNs1WBT.jpeg', NULL, NULL, NULL, NULL, NULL, NULL, '2021-01-21 20:50:42', '2021-01-21 20:50:42'),
(41, 'lafayette-mall', 7, 2, NULL, 'BOoSvTXT25v6DXxNc2PRrY4oUxNphJ9mQGyWEzPZ.jpeg', NULL, NULL, NULL, NULL, NULL, NULL, '2021-01-25 22:06:45', '2021-01-25 22:06:45'),
(42, 'sky-city', 6, 4, NULL, 'CzyuUzxM9HGr43OkdoKN0yC5UmiWCDP6Zhn2YWjj.jpeg', NULL, NULL, NULL, NULL, NULL, NULL, '2021-03-01 10:18:55', '2021-05-17 19:29:53'),
(43, 'ecl-downtown-mall', 8, 2, NULL, 'YvOQaVCJ0NK4Rr2avVud0O3H5dSgQBfthymaTCJX.jpeg', NULL, NULL, NULL, NULL, NULL, NULL, '2021-04-06 16:43:40', '2021-04-06 16:43:40'),
(44, 'podia-tower', 7, 2, NULL, 'jHhiOluplBNoDTugtmNv8yQ3KY6OdMSf6OtNsxJn.jpeg', NULL, NULL, NULL, NULL, NULL, NULL, '2021-04-06 21:49:13', '2021-04-06 21:49:13'),
(45, 'sixty-iconic-tower', 9, 2, NULL, 'ttAW6ZunRpAciakm5K6qlvXOIqpk5zGBImfbM7Y2.jpeg', NULL, NULL, NULL, NULL, NULL, NULL, '2021-04-07 21:14:22', '2021-04-07 21:14:22'),
(46, 'quattro-mall', 3, 2, NULL, 'zd55MWNT6ElpLpMQ2g2cq0zzGqyqlPMmxCUxKdBR.jpeg', NULL, NULL, NULL, NULL, NULL, NULL, '2021-05-17 16:57:38', '2021-05-17 16:57:38'),
(47, 'solidere-mall', 3, 2, NULL, 'x2Cp1ZkbbqKAEGQC3j6BIdUbMGlMmuXU1Gh5pKEO.jpeg', NULL, NULL, NULL, NULL, NULL, NULL, '2021-05-19 19:50:25', '2021-05-19 19:50:25');

-- --------------------------------------------------------

--
-- Table structure for table `project_galleries`
--

CREATE TABLE `project_galleries` (
  `id` bigint(20) UNSIGNED NOT NULL,
  `image` varchar(191) COLLATE utf8mb4_unicode_ci NOT NULL,
  `description_en` text COLLATE utf8mb4_unicode_ci DEFAULT NULL,
  `description_ar` text COLLATE utf8mb4_unicode_ci DEFAULT NULL,
  `project_id` bigint(20) UNSIGNED NOT NULL,
  `created_at` timestamp NOT NULL DEFAULT current_timestamp(),
  `updated_at` timestamp NOT NULL DEFAULT current_timestamp() ON UPDATE current_timestamp()
) ENGINE=InnoDB DEFAULT CHARSET=utf8mb4 COLLATE=utf8mb4_unicode_ci;

--
-- Dumping data for table `project_galleries`
--

INSERT INTO `project_galleries` (`id`, `image`, `description_en`, `description_ar`, `project_id`, `created_at`, `updated_at`) VALUES
(1, 'GxCduyW7Bov9TP8ezme9cOegcbCOgmDDaQM4nthL.jpeg', NULL, NULL, 3, '2020-10-19 06:27:21', '2020-10-19 06:27:21'),
(2, 'EMW5ScTB7dU2hYYwNUcQTSdjGR72xvNIs1LYL4Vx.jpeg', NULL, NULL, 3, '2020-10-19 06:27:51', '2020-10-19 06:27:51'),
(3, 'blBvtl2Aqn7qbYBuNEFnu7OVopgIjqzLqpjKVFXy.jpeg', NULL, NULL, 5, '2020-10-20 06:25:31', '2020-10-20 06:25:31'),
(4, 'AsWcurOkdGduAX9RjP2qKDQVO9nlUfeV1DjdbEYy.jpeg', NULL, NULL, 5, '2020-10-20 06:25:39', '2020-10-20 06:25:39'),
(5, 'wAqzNpiD5AS0Z3jHR7Da8HXAxWaHBxOkCOBSGpLN.jpeg', NULL, NULL, 7, '2020-10-22 18:12:46', '2020-10-22 18:12:46'),
(6, 'xULKnO2T5ljtlU1N2eiDlwjwkQnX8c8VfGxuRsVn.jpeg', NULL, NULL, 7, '2020-10-22 18:12:56', '2020-10-22 18:12:56'),
(7, 'rFuEl4fos4FtilT27G9vOFY3naMwsMmP4OewbCq8.jpeg', NULL, NULL, 7, '2020-10-22 18:13:07', '2020-10-22 18:13:07'),
(8, 'FaF7w5VC6l5DjqUGWa9kA0OOeVHfmawfJmczfVTE.jpeg', NULL, NULL, 7, '2020-10-22 18:13:16', '2020-10-22 18:13:16'),
(9, 'MXZ89jNzDQIBHB28dNi88tLc1gMbYRQ1wL1Xumts.jpeg', NULL, NULL, 8, '2020-10-22 18:49:55', '2020-10-22 18:49:55'),
(10, '6VPURBAE3ga0tLxML1UpTYdOXMdc0sQsGZZyCN7z.jpeg', NULL, NULL, 8, '2020-10-22 18:50:05', '2020-10-22 18:50:05'),
(11, 'Ua5yV6Lr4yKgZvT2aVPtDqcxPqeMWWbYC3hBwGRd.jpeg', NULL, NULL, 8, '2020-10-22 18:50:17', '2020-10-22 18:50:17'),
(12, 'LAPfelG0h4DFQGmCV4WeUZT8ei1f6l3pWXobSDmG.jpeg', NULL, NULL, 8, '2020-10-22 18:51:12', '2021-04-11 23:12:25'),
(13, 'Lfr1WiqAzZBUsUpIo5xHWz0YBCEIza7TyZeqyhOm.jpeg', NULL, NULL, 9, '2020-10-22 19:05:03', '2020-10-22 19:05:03'),
(14, 'dyG3BhkhDuQwD2aD42hQCI8xmVf412ClP4I2JX5l.jpeg', NULL, NULL, 9, '2020-10-22 19:05:10', '2020-10-22 19:05:10'),
(15, 'FsvVX6hcfd2TK7REDdCfYRU0t74eRqUytBa1wruH.jpeg', NULL, NULL, 9, '2020-10-22 19:05:21', '2020-10-22 19:05:21'),
(16, 'hv1dTS6TrSVXhCBgzBNHUzZtDT080BMkvizXsQLp.jpeg', NULL, NULL, 11, '2020-10-22 20:00:49', '2020-10-22 20:00:49'),
(17, 'nawiqeCThQZJoreUhGa3ro51toli3oNhKLFDjWdQ.jpeg', NULL, NULL, 11, '2020-10-22 20:00:59', '2020-10-22 20:00:59'),
(18, 'WHsio3n1fOn9GrIv5EgClM4ZSH4qW04WU2QchAps.jpeg', NULL, NULL, 11, '2020-10-22 20:01:13', '2020-10-22 20:01:13'),
(19, 'dpSJ8s9tz6xLbhbVrqzLoG1JzEaT938XfT6Nk5IT.jpeg', NULL, NULL, 12, '2020-10-25 18:49:14', '2020-10-25 18:49:14'),
(20, '2dGYuhE6aHiWo0V7OiuOGU6xqAvF6cxtCbyoAlm2.jpeg', NULL, NULL, 12, '2020-10-25 18:49:21', '2020-10-25 18:49:21'),
(21, 'b0Ln69CNjnAzaEXVK6qyUUztH7G75CjwjJEHnsQa.jpeg', NULL, NULL, 12, '2020-10-25 18:49:29', '2020-10-25 18:49:29'),
(22, '2ronmwthXzTkbw4xl4QJRctTYBmtieKFGcz39gdR.jpeg', NULL, NULL, 12, '2020-10-25 18:49:36', '2020-10-25 18:49:36'),
(23, 'Dok3CrlXx2HHYFX4eBf0GLi3SNdN5LZHVDr4OGhl.jpeg', NULL, NULL, 13, '2020-10-25 19:00:53', '2020-10-25 19:00:53'),
(24, 'EKLq3IhphKPNvxu5hsWzNYTcwW6IAs8QMxxJrB1p.jpeg', NULL, NULL, 13, '2020-10-25 19:01:01', '2020-10-25 19:01:01'),
(25, '1MBaYIVMetx8XiC4GDzY2Q8nZizcDwrum0lRJDcI.jpeg', NULL, NULL, 13, '2020-10-25 19:01:13', '2020-10-25 19:01:13'),
(26, 'EF7a2UKuI7w8vscgA2XPEshl8ghgf94v7z4MfwnR.jpeg', NULL, NULL, 13, '2020-10-25 19:01:23', '2020-10-25 19:01:23'),
(27, 'ZUoR6y7UdBWmLceuQRDFwroxguys68KTscFTtEZG.jpeg', NULL, NULL, 13, '2020-10-25 19:01:36', '2020-10-25 19:01:36'),
(28, 'lvhujZCOtEilK1IwuVXaZeO7OSM86MpY02DD3poV.jpeg', NULL, NULL, 14, '2020-10-25 19:07:13', '2020-10-25 19:07:13'),
(29, 'S9HjIvsG6X48QNyKwMpCRDKySwyISxojWKrLDrSs.jpeg', NULL, NULL, 14, '2020-10-25 19:07:23', '2020-10-25 19:07:23'),
(30, 'IDvSgUFsuHafMmGvmdAMBgvn99FoIAzI9cEkuQ18.jpeg', NULL, NULL, 15, '2020-10-25 19:21:38', '2020-10-25 19:21:38'),
(31, 'hwRKFFP3LC87TwvOA4qA0zbYv64FF2vOMBbQCtsx.jpeg', NULL, NULL, 15, '2020-10-25 19:21:48', '2020-10-25 19:21:48'),
(32, 'TEx5pJghclbszZ7SFYRx801J6Ss23WQvR7BfaWKQ.jpeg', NULL, NULL, 15, '2020-10-25 19:21:59', '2020-10-25 19:21:59'),
(33, 'jaWgvS8iGBADORgqXg0QJtBkZHHEImjobkYfJAc5.jpeg', NULL, NULL, 16, '2020-10-25 19:25:04', '2020-10-25 19:25:04'),
(34, 'VCwxX6KaStQSXE64tbOQTzDI3sbYeNMkZZNAFPTa.jpeg', NULL, NULL, 16, '2020-10-25 19:25:12', '2020-10-25 19:25:12'),
(35, 'P7A3WMGlQCMM6tr6zbgnGsD1Qf3xjUAijZq6mxgC.jpeg', NULL, NULL, 17, '2020-10-25 19:28:52', '2020-10-25 19:28:52'),
(36, 'lSMOK6GXxhKLeee0AtN0CLnwvFsl3a8TwTEOaCbk.jpeg', NULL, NULL, 17, '2020-10-25 19:29:01', '2020-10-25 19:29:01'),
(37, 'h1uVKztxms6um8dlw1dIKIafCxfXUNRqB2lMi67l.jpeg', NULL, NULL, 17, '2020-10-25 19:29:08', '2020-10-25 19:29:08'),
(38, 'rJRpLLRj5VHjUsIc2o73sHpjFNKfjVOsHHRWKROZ.jpeg', NULL, NULL, 17, '2020-10-25 19:29:15', '2020-10-25 19:29:15'),
(39, 'ATT0L5g7wzqUqTUmjUVKu1jaDvryIrjc9hzs1tLN.jpeg', NULL, NULL, 18, '2020-10-25 19:34:39', '2020-10-25 19:34:39'),
(40, 'CQjnt2yN6Kle7jyCW6V1KZ1noS4W6Nl80VtudDyx.jpeg', NULL, NULL, 18, '2020-10-25 19:34:49', '2020-10-25 19:34:49'),
(41, 'i9kD6u2iwE89NXHc6yQmk7TSUM1pXe7MTmpYweTp.jpeg', NULL, NULL, 18, '2020-10-25 19:35:00', '2020-10-25 19:35:00'),
(42, '2STA7J8nyNDrmU54gecfHk8kq0GyxD9oOXfz97Ju.jpeg', NULL, NULL, 18, '2020-10-25 19:35:11', '2020-10-25 19:35:11'),
(50, 'rpoU1yjoC16XvTLY12vlUDTjQZ2AS3wGqzoXgQ6s.jpeg', 'Podia', 'Podia', 44, '2021-04-12 07:18:25', '2021-04-12 07:18:25'),
(51, '1R6PWDfVjryvND9gd09pcx2TbDMHhH7Jr4MPFs7a.png', 'Quattro Signed', 'Quattro Signed', 46, '2021-05-17 16:58:42', '2021-05-17 16:58:42'),
(52, '4GrRkSZkL8PLq2sS9pJGmDOyeTcaJgYayKLuk0WW.jpeg', 'Apartments Lagoon', 'Apartments Lagoon', 42, '2021-05-17 19:23:24', '2021-05-17 19:23:24'),
(53, 'ahsl8BABs7KlKSRIaBQe1iWbHOWJ5HA0czpFjiWc.jpeg', 'Apartments', 'Apartments', 42, '2021-05-17 19:24:15', '2021-05-17 19:24:15'),
(54, 'YKdwYGHeejrUQ9Ah8EjL1h6xbYKzqMWcsE5fbup8.jpeg', 'Canyon Linear Chalet', 'Canyon Linear Chalet', 42, '2021-05-17 19:24:55', '2021-05-17 19:24:55'),
(55, 'uNeVjRGPbWGTGI3M4dltfFnYqy0E3m1XgM9ZOZJl.jpeg', 'Central Hub', 'Central Hub', 42, '2021-05-17 19:25:26', '2021-05-17 19:25:26'),
(56, 'n0DUkacVbigvmAEwUndMgKs5dBncJNh4N8PjgKH7.jpeg', 'Floating Villa', 'Floating Villa', 42, '2021-05-17 19:25:47', '2021-05-17 19:25:47'),
(57, 'o6RYzStVlWgcAWsxQQgOE0kSdpa8JtafZ0MbSKWF.jpeg', 'Grand Waterfall Villa', 'Grand Waterfall Villa', 42, '2021-05-17 19:26:12', '2021-05-17 19:26:12'),
(58, 'rltvCgokhKQTQvBDdGdVhuv0bYQrcsipymVwd2o4.jpeg', 'SeaView Villa', 'SeaView Villa 1', 42, '2021-05-17 19:26:40', '2021-05-17 19:26:40'),
(59, 'EKc69QttdhXUXh9VZ1FbMtFhWFqopBQLpTtWrNJQ.jpeg', 'Twin Villa', 'Twin Villa', 42, '2021-05-17 19:27:05', '2021-05-17 19:27:05'),
(60, 'uyycti5qAUkgtJxuUqkLRcgDEFUdTGc6Qg4zj8xZ.jpeg', 'Entrance', 'Entrance', 47, '2021-05-19 19:54:06', '2021-05-19 19:54:06'),
(61, '8EXTJ8qWkUqfoyDaQ4SBu505j7ZO5JfVewrW4n8K.jpeg', 'Entrance', 'Entrance', 47, '2021-05-19 19:54:24', '2021-05-19 19:54:24'),
(62, 'CzhK1Vd051xwiDSHHqfBQU6c3jZlQIcJydcF4hV3.jpeg', 'Front View', 'Front View', 47, '2021-05-19 19:57:57', '2021-05-19 19:57:57'),
(63, 'zg89nC7jaTvEPwOqRohxBAeZAqKqVnpqaWmOsBGM.jpeg', 'Side View', 'Side View', 47, '2021-05-19 19:58:17', '2021-05-19 19:58:17'),
(64, 'sv8zMWX1reJUDVP3xkpIiNpw6Ibyl3FuvvqLYPPx.jpeg', 'Interiors', 'Interiors', 47, '2021-05-19 19:58:42', '2021-05-19 19:58:42'),
(65, 'Muvly2WdFk614AzskoQh8VAoHnvLYtIn00B1pv0H.jpeg', 'Interiors', 'Interiors', 47, '2021-05-19 19:58:57', '2021-05-19 19:58:57'),
(66, 'nUcqvjYQ8AB1tlBNe4LQ9DlgYXWMxAIKCGK375IT.jpeg', 'Offices', 'Offices', 47, '2021-05-19 19:59:28', '2021-05-19 19:59:28'),
(67, 'ImtSdoUBLZbgkmb56nKK9vqANSWly8cqYLH0MwTE.jpeg', 'Elevators', 'Elevators', 47, '2021-05-19 19:59:53', '2021-05-19 19:59:53'),
(68, 'R7CgfOfZQNAhNIYCdbP10JtTf2yr8Xrbp5XbLeCD.jpeg', 'Meeting Room', 'Meeting Room', 47, '2021-05-19 20:00:12', '2021-05-19 20:00:12'),
(69, 'WvFmI64l9rkkibPi1vA95CgewkNYrbobc8B7PE7W.jpeg', 'Office', 'Office', 47, '2021-05-19 20:00:31', '2021-05-19 20:00:31'),
(70, '8jQFjMasa63fltx4N1kCQAp7TCz0Ul2qNUc7P0R6.jpeg', 'Office', 'Office', 47, '2021-05-19 20:00:47', '2021-05-19 20:00:47'),
(71, 'AAIup3iBxNDsuN0un7kmCktwWpYdZKPcgx1FMCPM.jpeg', 'Night View', 'Night View', 47, '2021-05-19 20:01:07', '2021-05-19 20:01:07');

-- --------------------------------------------------------

--
-- Table structure for table `project_translations`
--

CREATE TABLE `project_translations` (
  `id` bigint(20) UNSIGNED NOT NULL,
  `name` varchar(191) COLLATE utf8mb4_unicode_ci NOT NULL,
  `subtitle` varchar(191) COLLATE utf8mb4_unicode_ci DEFAULT NULL,
  `description` text COLLATE utf8mb4_unicode_ci DEFAULT NULL,
  `indirect_sales` varchar(191) COLLATE utf8mb4_unicode_ci DEFAULT NULL,
  `payment_methods` varchar(191) COLLATE utf8mb4_unicode_ci DEFAULT NULL,
  `developer_company` varchar(255) COLLATE utf8mb4_unicode_ci DEFAULT NULL,
  `project_id` bigint(20) UNSIGNED NOT NULL,
  `locale` varchar(191) COLLATE utf8mb4_unicode_ci NOT NULL,
  `created_at` timestamp NOT NULL DEFAULT current_timestamp(),
  `updated_at` timestamp NOT NULL DEFAULT current_timestamp() ON UPDATE current_timestamp()
) ENGINE=InnoDB DEFAULT CHARSET=utf8mb4 COLLATE=utf8mb4_unicode_ci;

--
-- Dumping data for table `project_translations`
--

INSERT INTO `project_translations` (`id`, `name`, `subtitle`, `description`, `indirect_sales`, `payment_methods`, `developer_company`, `project_id`, `locale`, `created_at`, `updated_at`) VALUES
(11, 'EL galala plaza', 'Galala Plaza is the first commercial mall in the area of Galala', '<p>El galala plaza previous projects:</p>\r\n<p>-owner of la luna beach el sokhna</p>\r\n<p>-co-owner of la seirene el sokhna</p>\r\n<p>Galala Plaza is the first commercial mall in the area of Galala, Ain El Sokhna. We were approached by the developers of the project to create their brand identity and company profile. The concept of the logo is based on a seashell as well as the letter G in a very abstract view. The modernity of the logo is inspired by the design of the site.</p>\r\n<p>The First Fully Fledged Commercial Mall in Ain Sokhna, Purposed to bring a new state of Luxury to your Life, Due to its Strategic Location, Galala Plaza is considered to be THE MAIN hub of facilities &amp; entertainment For All Residencies &amp; Holidays Gateway. Relax over a leisurely meal while enjoying the spectacular Sea View. Internationally Standardized Units to bring you all the Top Brands, from Restaurants, Caf&eacute;&rsquo;s, Retail shops &amp; Banks.&nbsp;&nbsp;</p>\r\n<h3>LOCATION:</h3>\r\n<p>Galala Plaza, Strategically Located at the lower side of El-Galala Mountain adjacent to the mesmerizing red sea front, A Substantial Location that is centered to all the surroundings; from old to new Resorts, Situated on the Zafarana Road, only 5 mins away from Ain Sokhna toll station, 10 mins away from New Galala City and a walking distance to IL Monte Galala Residential Resort. A promising destination, with charming views.&nbsp;&nbsp;</p>\r\n<h3>FACILITIES:</h3>\r\n<p>-Central Satellites</p>\r\n<p>-Smart Alarm System</p>\r\n<p>-Remote Controlled Lock Systems</p>\r\n<p>-High Speed Internet</p>\r\n<p>-Central Acs</p>\r\n<p>-Security &amp; Surveillance System</p>\r\n<p>-Fire Alarm System&nbsp;</p>\r\n<p>-Electricity Generator</p>\r\n<p>-Parking Lots</p>\r\n<p>&nbsp;Shop 170 meters + outdoor floor 130 meters</p>\r\n<p>50 meters ground</p>\r\n<p>60 meters first floor</p>\r\n<p>60 meters second round</p>\r\n<p>130 meters outside</p>\r\n<p>&nbsp;-total price= 7.850.000</p>\r\n<p>-down payment= 1.250.000</p>\r\n<p>equal installment over 10 years= 55.000 /monthly</p>', 'Eva', NULL, 'El galala plaza', 7, 'en', '2020-10-22 18:11:23', '2020-10-22 18:35:51'),
(12, 'الجلاله بلازا', 'جلالة بلازا هو أول مول تجاري في منطقة الجلالة', '<p>مشاريع سابقة في الجلالة بلازا:</p>\r\n<p>-مالك لا لونا بيتش السخنه</p>\r\n<p>-الشريك في ملكية La Seirene el sokhna</p>\r\n<p>جلالة بلازا هو أول مول تجاري في منطقة الجلالة بالعين السخنة. اتصل بنا مطورو المشروع لإنشاء هوية علامتهم التجارية وملف تعريف الشركة. يعتمد مفهوم الشعار على صدف بالإضافة إلى الحرف G في عرض مجردة للغاية. حداثة الشعار مستوحاة من تصميم الموقع.</p>\r\n<p>أول مول تجاري بالكامل في العين السخنة ، يهدف إلى جلب حالة جديدة من الفخامة إلى حياتك ، نظرًا لموقعه الاستراتيجي ، يعتبر جلالة بلازا المركز الرئيسي للمرافق والترفيه لجميع الإقامات وبوابة العطلات. استرخ على وجبة ترفيهية أثناء الاستمتاع بإطلالة رائعة على البحر. وحدات معيارية دوليًا لتجلب لك أفضل العلامات التجارية ، من المطاعم والمقاهي ومتاجر البيع بالتجزئة والبنوك.</p>\r\n<h3>موقعك:</h3>\r\n<p>جلالة بلازا ، موقع استراتيجي في الجانب السفلي من جبل الجلالة بجوار واجهة البحر الأحمر الفاتنة ، موقع مهم يتركز في جميع المناطق المحيطة ؛ من المنتجعات القديمة إلى الجديدة ، يقع على طريق الزعفرانة ، على بعد 5 دقائق فقط من محطة حصيلة العين السخنة ، وعلى بعد 10 دقائق من مدينة الجلالة الجديدة وعلى مسافة قريبة من منتجع المونت جلالة السكني. وجهة واعدة بإطلالات ساحرة.</p>\r\n<h3>مرافق</h3>\r\n<p>الأقمار الصناعية المركزية</p>\r\n<p>- نظام إنذار ذكي</p>\r\n<p>- أنظمة قفل يتم التحكم فيها عن بعد</p>\r\n<p>-انترنت عالي السرعة</p>\r\n<p>- المركزية Acs</p>\r\n<p>- نظام الأمن والمراقبة</p>\r\n<p>-نظام انذار الاحرائق</p>\r\n<p>-مولد كهرباء</p>\r\n<p>-مواقف السيارات</p>\r\n<p>محل 170 متر + دور خارجي 130 متر</p>\r\n<p>50 متر ارضي</p>\r\n<p>60 متر دور اول</p>\r\n<p>60 متر الدور الثاني</p>\r\n<p>130 متر خارج</p>\r\n<p>- السعر الاجمالي = 7.850.000</p>\r\n<p>- الدفعة الأولى = 1.250.000</p>\r\n<p>أقساط متساوية على 10 سنوات = 55.000 / شهرياً</p>', 'إيفا', NULL, 'الجلاله بلازا', 7, 'ar', '2020-10-22 18:11:23', '2020-10-22 18:49:25'),
(13, 'JURA', 'It launches its first project in Sokhna, in the heart of the city of Jura', '<p>New Jersey for Real Estate Development, which owns the Green Avenue project in the administrative capital</p>\r\n<p>It launches its first project in Sokhna, in the heart of the city of Jura</p>\r\n<p>Location: 550 meters after the Galala Resort</p>\r\n<p>Before Porto Sokhna with 5 km</p>\r\n<p>Directly behind Emirates Gasoline on the sea</p>\r\n<h3>Project area:</h3>\r\n<p>10 acres</p>\r\n<p>- G + 6</p>\r\n<p>- Hotel Appartments<br />Areas from 75 meters to 115 meters</p>\r\n<p>Finished with brushes, air conditioners and appliances</p>\r\n<p>- All units are first row directly on the sea</p>\r\n<p>- 2 entrance to the building / 2 elevators</p>\r\n<p>Building on 20% ؜</p>\r\n<p>- 80% ؜ landscapes and services</p>\r\n<p>Sea width 180 meters / depth of project 200 meters</p>\r\n<p>Sandy beach</p>\r\n<h3>Payment system</h3>\r\n<p>30% ؜ submitted</p>\r\n<p>An annual fidyah 12% for two and a half years \"The customer receives 3 checks upon contracting with the fayed.\"</p>\r\n<p>10% ؜ Receipt</p>\r\n<p>10% ؜ maintenance</p>\r\n<p>The rest over 4 and a half years</p>\r\n<p>In the case of a lease authorization contract after receipt</p>\r\n<p>Investment return from 10% ؜ to 15%</p>', 'radwa mohamed', NULL, 'New Jersey Developments', 8, 'en', '2020-10-22 18:47:25', '2020-10-22 18:47:25'),
(14, 'جارا', 'تطرح اول مشاريعها فى السخنه فى قلب مدينه الجلاله JURA', '<p>شركه نيو چيرسى للتطوير العقارى المالكه لمشروع جرين اڤينيو فى العاصمه الاداريه</p>\r\n<p>تطرح اول مشاريعها فى السخنه فى قلب مدينه الجلاله JURA</p>\r\n<p>الموقع : بعد منتجع الجلاله ب ٥٥٠ متر</p>\r\n<p>قبل بورتو السخنه ب ٥ كيلو</p>\r\n<p>خلف بنزينه الامارات على البحر مباشره</p>\r\n<p>مساحه المشروع : ١٠ فدان</p>\r\n<p>- G+6</p>\r\n<h3>- شقق فندقيه</h3>\r\n<p>- المساحات من ٧٥ متر الى ١١٥ متر</p>\r\n<p>- متشطبه بالفرش و التكييفات و الاجهزه</p>\r\n<p>- جميع الوحدات صف اول على البحر مباشره</p>\r\n<p>- ٢ مدخل للعماره / ٢ اسانسير</p>\r\n<p>- مبنى على ٢٠٪؜</p>\r\n<p>- ٨٠٪؜ لاند سكيب و خدمات</p>\r\n<p>- عرض البحر ١٨٠ متر / عمق المشروع ٢٠٠ متر</p>\r\n<p>- شاطئ رملى</p>\r\n<p>&nbsp;</p>\r\n<h3>نظام السداد</h3>\r\n<p>٣٠٪؜ مقدم</p>\r\n<p>فايده سنويه ١٢٪؜ لمده سنتين و نصف \" يستلم العميل ٣ شيكات عند التعاقد بالفوايد \"</p>\r\n<p>١٠٪؜ استلام</p>\r\n<p>١٠٪؜ صيانه</p>\r\n<p>الباقى على ٤ سنين و نصف</p>\r\n<p>&nbsp;</p>\r\n<p>فى حاله عقد التفويض بالايجار&nbsp;بعد الاستلام</p>\r\n<p>العائد الاستثمارى من ١٠٪؜ ل ١٥٪</p>', 'رضوى محمد', NULL, 'شركة نيو جيرسى', 8, 'ar', '2020-10-22 18:47:25', '2020-10-22 18:47:25'),
(15, '6ixty', 'Al Borouj Misr Developments launched its operations in (2012)', '<h3>Al Borouj Misr:</h3>\r\n<p>Al Borouj Misr Developments launched its operations in (2012) with a visionary approach towards strategically responding to the diverse and evolving real estate market in Egypt; by offering sustainable and diverse mix within a real estate portfolio that comprises of construction and real estate development of mixed-use contemporary residential and commercial developments through its subsidiaries.</p>\r\n<p>Since entering the real estate market in (2006), which ultimately lead to the successful creation of Al Borouj Misr Constructing, the Company, along with its partners, co-founders and subsidiaries, has been successfully and steadily growing and developing, acquiring a prestigious reputation in Egypt.</p>\r\n<p>&ldquo;It&rsquo;s our responsibility and our privilege to lead the way&hellip;&rdquo;</p>\r\n<p>We dream big&hellip;.we think big as a mother company, as professionals in this ever dynamic sector, and as citizens that cater to the interests of our society.&nbsp;We are focused on creating design-led valued communities offering a better quality of life that fosters social interactions within its communities, making superior quality living a reality in Egypt.</p>\r\n<p>Our expertise constitutes the foundation from which we aim to improve the future of our homeland.&nbsp;With a strategic positioning as a strong partner in the Egyptian community towards developing a better tomorrow for the welfare of Egypt as a nation and Egyptians as citizens.</p>\r\n<p>&ldquo;AlBorouj Holding presents diversified, sustainable and iconic business practices in Egypt uniquely positioned to set the pace&hellip;.&rdquo;</p>\r\n<h3>Projects:</h3>\r\n<p>6ixty Business Park</p>\r\n<p>Heaven Hills North Coast</p>\r\n<p>Heaven Hills El-Sokhna</p>\r\n<h3>PAYMENT PLAN</h3>\r\n<p>10% Down payment, Equal installment over 7 years</p>\r\n<p>Delivery after 3 years</p>\r\n<h3>Availability:</h3>\r\n<p>-Commercial (53-87)</p>\r\n<p>-Admin(51-146)</p>\r\n<p>-Medical (87)</p>\r\n<p>-Commercial</p>\r\n<p>-53 m</p>\r\n<p>-Total price= 5,565,000</p>\r\n<p>-Down payment(10%)= 556,500</p>\r\n<p>-Equal installment over 7 years= 59,625 /monthly</p>', 'Amr Magdy', NULL, 'Al Borouj Misr Developments', 9, 'en', '2020-10-22 19:04:48', '2020-10-22 19:04:48'),
(16, '6ixty', 'أطلقت شركة البروج مصر للتطوير عملياتها في (2012)', '<h3>البروج مصر</h3>\r\n<p>أطلقت شركة البروج مصر للتطوير عملياتها في (2012) مع نهج رؤية نحو الاستجابة الاستراتيجية لسوق العقارات المتنوعة والمتطورة في مصر ؛ من خلال تقديم مزيج مستدام ومتنوع ضمن محفظة عقارية تتألف من البناء والتطوير العقاري للتطورات السكنية والتجارية المعاصرة متعددة الاستخدامات من خلال الشركات التابعة لها.</p>\r\n<p>منذ دخولها سوق العقارات في (2006) ، مما أدى في النهاية إلى التأسيس الناجح لشركة البروج مصر للإنشاءات ، نجحت الشركة ، جنبًا إلى جنب مع شركائها وشركائها المؤسسين والشركات التابعة لها ، في النمو والتطور بنجاح وثبات ، واكتسبت شركة مرموقة. سمعة في مصر.</p>\r\n<p>\"مسؤوليتنا وامتيازنا أن نقود الطريق ...\"</p>\r\n<p>نحن نحلم بشكل كبير ... نحن نفكر بشكل كبير كشركة أم ، كمحترفين في هذا القطاع الديناميكي دائمًا ، وكمواطنين يلبون مصالح مجتمعنا. نحن نركز على إنشاء مجتمعات قيمة يقودها التصميم تقدم نوعية حياة أفضل تعزز التفاعلات الاجتماعية داخل مجتمعاتها ، مما يجعل جودة الحياة العالية حقيقة واقعة في مصر.</p>\r\n<p>تشكل خبراتنا الأساس الذي نهدف من خلاله إلى تحسين مستقبل وطننا. مع موقع استراتيجي كشريك قوي في المجتمع المصري نحو تطوير غد أفضل لرفاهية مصر كأمة والمصريين كمواطنين.</p>\r\n<p>\"تقدم شركة البروج القابضة ممارسات تجارية متنوعة ومستدامة ومبدعة في مصر في وضع فريد لضبط الوتيرة ...\"</p>\r\n<h3>المشاريع:</h3>\r\n<p><br />6ixty بيزنس بارك</p>\r\n<p>قرية هيفين هيلز الساحل الشمالي</p>\r\n<p>هيفين هيلز العين السخنة</p>\r\n<h3>خطة الدفع</h3>\r\n<p>10٪ مقدم واقساط متساوية على 7 سنوات</p>\r\n<p>التسليم بعد 3 سنوات</p>\r\n<p>التوفر:<br />- تجاري (53-87)</p>\r\n<p>- أدمين (51-146)</p>\r\n<p>طبي (87)</p>\r\n<p>- تجاري</p>\r\n<p>-53 م</p>\r\n<p>- السعر الاجمالي = 5،565،000</p>\r\n<p>- الدفعة المقدمة (10٪) = 556،500</p>\r\n<p>- الأقساط المتساوية على 7 سنوات = 59،625 / شهرياً</p>', 'عمر مجدى', NULL, 'البروج مصر للتطوير العقاري', 9, 'ar', '2020-10-22 19:04:48', '2020-10-22 19:04:48'),
(17, 'Capital Hub 2', 'OVER THE COURSE OF TWO DECADES OF DEDICATION AND HARD WORK', '<p>OVER THE COURSE OF TWO DECADES OF DEDICATION AND HARD WORK, SUD HAS MANAGED TO BECOME A PILLAR OF SUCCESS WHEN IT COMES TO REAL ESTATE DEVELOPMENT WE START EVERY PROJECT WITH ONE GOAL IN MIND, WHICH IS TAKING THE LEAD IN CREATING UPSCALE COMMUNITIES THAT PROVIDE UTMOST PRIVACY, MAXIMUM SECURITY AND SUBSTANTIAL COMFORT. THROUGH ALL OF OUR REAL ESTATE PROJECTS THAT INCLUDE TOURISTIC RESORTS, ADVANCED RESIDENTIAL TOWERS, SHOPPING CENTERS AS WELL AS MEDICAL, EDUCATIONAL AND SPORTS FACILITIES, WE\'VE MANAGED TO MAKE AN ARCHITECTURAL FUSION BETWEEN CONTEMPORARY AND TRADITIONAL DESIGN FEATURES THAT HAS BECOME A TRADEMARK OF OURS. INSPIRED BY YEARS OF CUSTOMER\'S TRUST COMES OUR MOTTO, AND OUR NAME HAS BECOME ASSOCIATED WITH \"YOUR SAFE INVESTMENT\" WE\'VE ALWAYS BEEN STRIVING TO LIVE UP TO OUR CUSTOMER\'S EXPECTATIONS AND TO EARN THEIR TRUST, BECAUSE WE CONSIDER OUR CUSTOMER TO BE OUR MOST IMPORTANT ASSET</p>\r\n<h3>COMMERCIAL&nbsp;PROJECTS</h3>\r\n<p><a href=\"https://sud.com.eg/portfolio/financial-hub/\" target=\"_blank\" rel=\"noopener\">FINANCIAL HUB</a></p>\r\n<p><a href=\"https://sud.com.eg/portfolio/capital-hub/\" target=\"_blank\" rel=\"noopener\">CAPITAL HUB</a></p>\r\n<p><a href=\"https://sud.com.eg/portfolio/capital-hub-2/\" target=\"_blank\" rel=\"noopener\">CAPITAL HUB 2</a></p>\r\n<p><a href=\"https://sud.com.eg/portfolio/high-city-mall/\" target=\"_blank\" rel=\"noopener\">HIGH CITY MALL</a></p>\r\n<p><a href=\"https://sud.com.eg/portfolio/sunset-mall/\" target=\"_blank\" rel=\"noopener\">SUNSET MALL</a></p>\r\n<p><a href=\"https://sud.com.eg/portfolio/trade-center/\" target=\"_blank\" rel=\"noopener\">TRADE CENTER</a></p>\r\n<p><a href=\"https://sud.com.eg/portfolio/al-nokhba-medical-tower/\" target=\"_blank\" rel=\"noopener\">ALNOKHBA MEDICAL TOWER</a></p>\r\n<h3>RESIDENTIAL&nbsp;PROJECTS</h3>\r\n<p><a href=\"https://sud.com.eg/portfolio/capital-heights-1/\" target=\"_blank\" rel=\"noopener\">CAPITAL HEIGHTS1</a></p>\r\n<p><a href=\"https://sud.com.eg/portfolio/capital-heights-2/\" target=\"_blank\" rel=\"noopener\">CAPITAL HEIGHTS 2</a></p>\r\n<p><a href=\"https://sud.com.eg/portfolio/high-city/\" target=\"_blank\" rel=\"noopener\">HIGH CITY</a></p>\r\n<p><a href=\"https://sud.com.eg/portfolio/the-pearl/\" target=\"_blank\" rel=\"noopener\">THE PEARL</a></p>\r\n<p><a href=\"https://sud.com.eg/portfolio/alsafwa-elgance-tower/\" target=\"_blank\" rel=\"noopener\">ALSAFWA ELEGANCE TOWER</a></p>\r\n<p><a href=\"https://sud.com.eg/portfolio/alsafwa-tower-albatrawy/\" target=\"_blank\" rel=\"noopener\">ALSAFWA TOWER &ndash; ALBATRAWY</a></p>\r\n<h3>RESORTS</h3>\r\n<p><a href=\"https://sud.com.eg/portfolio/sunset1/\" target=\"_blank\" rel=\"noopener\">SUNSET1</a></p>\r\n<p><a href=\"https://sud.com.eg/portfolio/sunset-2/\" target=\"_blank\" rel=\"noopener\">SUNSET2</a></p>\r\n<p><a href=\"https://sud.com.eg/portfolio/sunset3/\" target=\"_blank\" rel=\"noopener\">SUNSET3</a></p>\r\n<p><a href=\"https://sud.com.eg/portfolio/sunset-4/\" target=\"_blank\" rel=\"noopener\">SUNSET4</a></p>\r\n<h3>EDUCATIONAL&nbsp;PROJECTS</h3>\r\n<p><a href=\"https://sud.com.eg/portfolio/alsafwa-international-school/\" target=\"_blank\" rel=\"noopener\">ALSAFWA INTERNATIONAL SCHOOL</a></p>\r\n<p><a href=\"https://sud.com.eg/portfolio/mavericks-international-school/\" target=\"_blank\" rel=\"noopener\">MAVERICKS INTERNATIONAL SCHOOL</a></p>\r\n<p>After the overwhelming success in completion of selling the first commercial mall in the New Capital (Capital Hub).</p>\r\n<p>Safwa Urban Development Company (SUD) is launching its 4th project in the New Capital &ldquo;HUB 2&rdquo;.</p>\r\n<p>The first commercial mall with a &ldquo;FREE FLYING CENTER&rdquo; and a 4D Cinema Complex,</p>\r\n<p>Directly on the central axis in the heart of the new capital.</p>\r\n<p>With 10% Down Payment and up to 6 years installments.</p>\r\n<p>Stay tuned for the project launching at Cityscape 2019 at the MISR International Exhibition Center</p>\r\n<p>From 27 &ndash; 30 March 2019 with special offers and discounts during the exhibition</p>\r\n<h3>Space.</h3>\r\n<p>30 thousand meters, with a facade of 750 meters</p>\r\n<p>Services kids area- cinema- free flying center</p>\r\n<p>Number of floors: Ground + 2</p>\r\n<p>Finishing: fully finished</p>\r\n<p>Spaces: from 26 to 156 meters</p>\r\n<p>Price per square meter: from 91200 to 109200 pounds</p>\r\n<p>The first is from 49,500 to 57,200 pounds</p>\r\n<p>The second from 54,600 to 65,000 pounds</p>\r\n<h3>Prices</h3>\r\n<p>Ground floor, from 2893000 pounds</p>\r\n<p>The first is 2,173,000 pounds</p>\r\n<p>The second is 2,161,000 pounds</p>\r\n<p>&nbsp;</p>\r\n<h3>Payment methods:</h3>\r\n<p>10% down payment and 6 years installments</p>\r\n<p>Maintenance deposit</p>\r\n<p>10% upon receipt</p>\r\n<h3>Offers</h3>\r\n<p>If you don\'t want to be finished, we will deduct 5000 from the meter price</p>\r\n<p>Receipt: December 2021</p>', 'Sara Ahmed', NULL, 'SUD', 10, 'en', '2020-10-22 19:47:44', '2020-10-22 19:47:44'),
(18, 'كابيتال هاب 2', 'خلال دورة عقدين من التفاني والعمل الجاد', '<p>على مدار عقدين من التفاني والعمل الشاق ، تمكنت SUD من أن تصبح أحد ركائز النجاح عندما يتعلق الأمر بالتنمية العقارية ، نبدأ في كل مشروع بهدف واحد في الاعتبار ، وهو الذي يأخذ زمام المبادرة في إنشاء مجتمعات مثل UPS الخصوصية والأمان المطلق والراحة الجوهرية. من خلال جميع مشاريعنا العقارية التي تشمل منتجعات سياحية وأبراج سكنية متطورة ومراكز تسوق بالإضافة إلى المرافق الطبية والتعليمية والرياضية ، تمكنا من إنشاء تصميمات هندسية متطورة . مستوحاة من سنوات من ثقة العميل يأتي شعارنا ، وأصبح اسمنا مرتبطًا \"باستثمارك الآمن\" ، فنحن نسعى دائمًا للوفاء بتوقعات عملائنا وكسب ثقتهم ، لأننا أصل مهم</p>\r\n<h3>المشاريع التجارية</h3>\r\n<p><a href=\"https://sud.com.eg/portfolio/financial-hub/\" target=\"_blank\" rel=\"noopener\">FINANCIAL HUB</a></p>\r\n<p><a href=\"https://sud.com.eg/portfolio/capital-hub/\" target=\"_blank\" rel=\"noopener\">CAPITAL HUB</a></p>\r\n<p><a href=\"https://sud.com.eg/portfolio/capital-hub-2/\" target=\"_blank\" rel=\"noopener\">CAPITAL HUB 2</a></p>\r\n<p><a href=\"https://sud.com.eg/portfolio/high-city-mall/\" target=\"_blank\" rel=\"noopener\">HIGH CITY MALL</a></p>\r\n<p><a href=\"https://sud.com.eg/portfolio/sunset-mall/\" target=\"_blank\" rel=\"noopener\">SUNSET MALL</a></p>\r\n<p><a href=\"https://sud.com.eg/portfolio/trade-center/\" target=\"_blank\" rel=\"noopener\">TRADE CENTER</a></p>\r\n<p><a href=\"https://sud.com.eg/portfolio/al-nokhba-medical-tower/\" target=\"_blank\" rel=\"noopener\">ALNOKHBA MEDICAL TOWER</a></p>\r\n<h3>مشاريع سكنية</h3>\r\n<p><a href=\"https://sud.com.eg/portfolio/capital-heights-1/\" target=\"_blank\" rel=\"noopener\">CAPITAL HEIGHTS1</a></p>\r\n<p><a href=\"https://sud.com.eg/portfolio/capital-heights-2/\" target=\"_blank\" rel=\"noopener\">CAPITAL HEIGHTS 2</a></p>\r\n<p><a href=\"https://sud.com.eg/portfolio/high-city/\" target=\"_blank\" rel=\"noopener\">HIGH CITY</a></p>\r\n<p><a href=\"https://sud.com.eg/portfolio/the-pearl/\" target=\"_blank\" rel=\"noopener\">THE PEARL</a></p>\r\n<p><a href=\"https://sud.com.eg/portfolio/alsafwa-elgance-tower/\" target=\"_blank\" rel=\"noopener\">ALSAFWA ELEGANCE TOWER</a></p>\r\n<p><a href=\"https://sud.com.eg/portfolio/alsafwa-tower-albatrawy/\" target=\"_blank\" rel=\"noopener\">ALSAFWA TOWER &ndash; ALBATRAWY</a></p>\r\n<h3>المنتجعات</h3>\r\n<p><a href=\"https://sud.com.eg/portfolio/sunset1/\" target=\"_blank\" rel=\"noopener\">SUNSET1</a></p>\r\n<p><a href=\"https://sud.com.eg/portfolio/sunset-2/\" target=\"_blank\" rel=\"noopener\">SUNSET2</a></p>\r\n<p><a href=\"https://sud.com.eg/portfolio/sunset3/\" target=\"_blank\" rel=\"noopener\">SUNSET3</a></p>\r\n<p><a href=\"https://sud.com.eg/portfolio/sunset-4/\" target=\"_blank\" rel=\"noopener\">SUNSET4</a></p>\r\n<h3>المشاريع التعليمية</h3>\r\n<p><a href=\"https://sud.com.eg/portfolio/alsafwa-international-school/\" target=\"_blank\" rel=\"noopener\">ALSAFWA INTERNATIONAL SCHOOL</a></p>\r\n<p><a href=\"https://sud.com.eg/portfolio/mavericks-international-school/\" target=\"_blank\" rel=\"noopener\">MAVERICKS INTERNATIONAL SCHOOL</a></p>\r\n<p>بعد النجاح الباهر في إتمام بيع أول مول تجاري بالعاصمة الجديدة (كابيتال هب).</p>\r\n<p>تطلق شركة الصفوة للتطوير العمراني (SUD) مشروعها الرابع بالعاصمة الجديدة \"HUB 2\".</p>\r\n<p>أول مركز تجاري به \"مركز طيران مجاني\" ومجمع سينما رباعي الأبعاد ،</p>\r\n<p>مباشرة على المحور المركزي بقلب العاصمة الجديدة.</p>\r\n<p>بمقدم 10٪ وتقسيط حتى 6 سنوات.</p>\r\n<p>ترقبوا إطلاق المشروع في معرض سيتي سكيب 2019 في مركز مصر الدولي للمعارض</p>\r\n<p>من 27 - 30 مارس 2019 مع عروض وخصومات خاصة خلال المعرض</p>\r\n<h3>المساحات</h3>\r\n<p>30 ألف متر بواجهة 750 متر</p>\r\n<p>منطقة خدمات للأطفال - سينما - مركز طيران مجاني</p>\r\n<p>عدد الطوابق: أرضي + 2</p>\r\n<p>التشطيب: تشطيب كامل</p>\r\n<p>المساحات: من 26 الى 156 متر</p>\r\n<p>سعر المتر: من 91200 إلى 109200 ج</p>\r\n<p>الأول من 49500 جنيه إلى 57200 جنيه</p>\r\n<p>الثاني من 54600 الي 65 الف ج</p>\r\n<h3>الأسعار</h3>\r\n<p>الدور الأرضي من 2893000 جنيه</p>\r\n<p>الأول 2،173،000 جنيه</p>\r\n<p>والثاني 2،161،000 جنيه</p>\r\n<p>&nbsp;</p>\r\n<h3>طرق الدفع</h3>\r\n<p>10٪ مقدم واقساط على 6 سنوات</p>\r\n<p>وديعة الصيانة</p>\r\n<p>10٪ عند الاستلام</p>\r\n<h3>العروض</h3>\r\n<p>إذا كنت لا ترغب في الانتهاء ، فسنخصم 5000 من سعر المتر</p>\r\n<p>الاستلام: ديسمبر 2021</p>', 'سارة احمد', NULL, 'SUD', 10, 'ar', '2020-10-22 19:47:44', '2020-10-22 19:47:44'),
(21, 'HeartWork', NULL, NULL, 'hadi al yamen', NULL, 'Mountain View', 12, 'en', '2020-10-25 18:49:00', '2020-10-25 18:49:00'),
(22, 'هارت وورك', NULL, NULL, 'هادي اليامن', NULL, 'ماونتن فيو', 12, 'ar', '2020-10-25 18:49:00', '2020-10-25 18:49:00'),
(23, 'Smart mall', NULL, NULL, 'M.nizam', NULL, 'Captain co. for tourism and real estate development', 13, 'en', '2020-10-25 19:00:41', '2020-10-25 19:00:41'),
(24, 'سمارت مول', NULL, NULL, 'م نظام', NULL, 'شركة الكابتن للتنمية السياحبة والعقارية', 13, 'ar', '2020-10-25 19:00:41', '2020-10-25 19:00:41'),
(25, 'Town Gate strip Mall', NULL, '<div>\r\n<p class=\"ql-direction-rtl ql-align-center\">هو من اعمال شركة سمارت فيو للاستثمار والتطوير العقاري</p>\r\n<p class=\"ql-direction-rtl ql-align-center\">وهى شركة تأسست عام 1999</p>\r\n<p class=\"ql-direction-rtl ql-align-center\">التخطيط الناجح والتنفيذ الدقيق والاداء المبتكر والفريد من نوعه</p>\r\n<p class=\"ql-direction-rtl ql-align-center\">والمصداقيه هي معايير عملنا والذى حرصا عليه طول هذه المده</p>\r\n<p class=\"ql-direction-rtl ql-align-center\">وكل هذه لان رضا عملاءنا هو اول اهتماماتنا</p>\r\n<p class=\"ql-direction-rtl ql-align-center\">وهى شركة غنيه عن التعريف ولها سابقه اعمال</p>\r\n<ul>\r\n<li class=\"ql-direction-rtl ql-align-center\">مشروع دار القوات الجوية</li>\r\n<li class=\"ql-direction-rtl ql-align-center\">معهد تاجان الأزهري التجمع الاول</li>\r\n<li class=\"ql-direction-rtl ql-align-center\">مجموعه فلل فى التجمع الخامس والاول</li>\r\n<li class=\"ql-direction-rtl ql-align-center\">ديدي مول بالتجمع الاول</li>\r\n</ul>\r\n<p class=\"ql-direction-rtl ql-align-center\">كما اختارت&nbsp;شركة سمارت فيو للاستثمار العقاري</p>\r\n<p class=\"ql-direction-rtl ql-align-center\">شركة EGEC&nbsp;للاستشارات الهندسيه</p>\r\n<p class=\"ql-direction-rtl ql-align-center\">وهى شركة له خبره 30 عاما فى السوق وتأسست عام 1986</p>\r\n<p class=\"ql-direction-rtl ql-align-center\">وهي من قامت بمشروعات كثير فى مصر مثل:</p>\r\n<ul>\r\n<li class=\"ql-direction-rtl ql-align-center\">بورتو نيو كايرو</li>\r\n<li class=\"ql-direction-rtl ql-align-center\">مدينتي</li>\r\n<li class=\"ql-direction-rtl ql-align-center\">UP town cairo</li>\r\n<li class=\"ql-direction-rtl ql-align-center\">Swan lake el gouna</li>\r\n</ul>\r\n<p class=\"ql-direction-rtl ql-align-center\">&nbsp;</p>\r\n<p class=\"ql-direction-rtl ql-align-center\">&nbsp;</p>\r\n<p class=\"ql-align-center\">Town Gate strip Mall 🏬</p>\r\n<p class=\"ql-align-center\">مول تاون جيت&nbsp;</p>\r\n<p class=\"ql-align-center\">مول تجاري طبي&nbsp;‼️&nbsp;</p>\r\n<p class=\"ql-align-center\">بمنطقه ال R7&nbsp;</p>\r\n<p class=\"ql-align-center\">واجهه كامله على شارع 80 متر 🛣️&nbsp;</p>\r\n<p class=\"ql-align-center\">بجوار الجامعه الروسيه مباشره🏫&nbsp;</p>\r\n<p class=\"ql-align-center\">&nbsp;جميع الوحدات التجاريه على واجهه شارع ال 80 اكبر شارع فى ال R7 و لا يوجد محلات داخليه 🙋🏼&zwj;♂️</p>\r\n<p class=\"ql-align-center\">&nbsp;و بجوار 3 مدارس&nbsp;</p>\r\n<p class=\"ql-align-center\">🏦 على شارع رئيسي يصل الى المحور الموازي للمركزي و محور العاصمه</p>\r\n<p class=\"ql-align-center\">&nbsp;</p>\r\n<p class=\"ql-align-center\">🛤️ الارضي معاه المساحه الخارجيه فري و بتطل على الشارع ال 80 متر&nbsp;</p>\r\n<p class=\"ql-align-center\">&nbsp;</p>\r\n<p class=\"ql-align-center\">&nbsp;</p>\r\n<p class=\"ql-align-center\">انظمه السداد</p>\r\n<p class=\"ql-align-center\">_______________</p>\r\n<p class=\"ql-align-center\">&nbsp;</p>\r\n<p class=\"ql-align-center\">نظام ال8 سنوات</p>\r\n<p class=\"ql-align-center\">&nbsp;</p>\r\n<p class=\"ql-align-center\">15% مقدم ودفعه عند الاستلام 10% على 8 سنين</p>\r\n<p class=\"ql-align-center\">بدون خصم</p>\r\n<p class=\"ql-align-center\">&nbsp;</p>\r\n<p class=\"ql-align-center\">____________________</p>\r\n<p class=\"ql-align-center\">&nbsp;</p>\r\n<p class=\"ql-align-center\">*نظام ال 6 سنوات *</p>\r\n<p class=\"ql-align-center\">&nbsp;</p>\r\n<p class=\"ql-align-center\">10- مقدم على 6 سنين</p>\r\n<p class=\"ql-align-center\">خصم 10% على الارضى</p>\r\n<p class=\"ql-align-center\">💥 (الطبى )و 20% على الاول و التانى</p>\r\n<p class=\"ql-align-center\">&nbsp;</p>\r\n<p class=\"ql-align-center\">__________________</p>\r\n<p class=\"ql-align-center\">&nbsp;</p>\r\n<p class=\"ql-align-center\">نظام ال4 سنوات</p>\r\n<p class=\"ql-align-center\">&nbsp;</p>\r\n<p class=\"ql-align-center\">10% مقدم و الباقى على 4 سنين</p>\r\n<p class=\"ql-align-center\">خصم 15% على الارضى&nbsp;</p>\r\n<p class=\"ql-align-center\">&nbsp;</p>\r\n<p class=\"ql-align-center\">🤩 و 25% الاول و التانى</p>\r\n<p class=\"ql-align-center\">&nbsp;</p>\r\n<p class=\"ql-align-center\">و عرض خاص جدااااا على الكاااااش</p>\r\n<p class=\"ql-align-center\">&nbsp;</p>\r\n<p class=\"ql-align-center\">الاستلام</p>\r\n<p class=\"ql-align-center\">6/23</p>\r\n<p class=\"ql-align-center\">&nbsp;😎تشطيب كامل بالتكييفات</p>\r\n<p class=\"ql-align-center\">&nbsp;</p>\r\n<p class=\"ql-align-center\">الجراج 75000 🚘</p>\r\n<p class=\"ql-direction-rtl ql-align-center\">و ديعه الصيانه 10%</p>\r\n</div>', 'walaa sayed', NULL, 'smart view', 14, 'en', '2020-10-25 19:06:59', '2020-10-25 19:06:59'),
(26, 'تاون جيت ستريب مول', NULL, '<p class=\"ql-direction-rtl ql-align-center\">هو من اعمال شركة سمارت فيو للاستثمار والتطوير العقاري</p>\r\n<p class=\"ql-direction-rtl ql-align-center\">وهى شركة تأسست عام 1999</p>\r\n<p class=\"ql-direction-rtl ql-align-center\">التخطيط الناجح والتنفيذ الدقيق والاداء المبتكر والفريد من نوعه</p>\r\n<p class=\"ql-direction-rtl ql-align-center\">والمصداقيه هي معايير عملنا والذى حرصا عليه طول هذه المده</p>\r\n<p class=\"ql-direction-rtl ql-align-center\">وكل هذه لان رضا عملاءنا هو اول اهتماماتنا</p>\r\n<p class=\"ql-direction-rtl ql-align-center\">وهى شركة غنيه عن التعريف ولها سابقه اعمال</p>\r\n<ul>\r\n<li class=\"ql-direction-rtl ql-align-center\">مشروع دار القوات الجوية</li>\r\n<li class=\"ql-direction-rtl ql-align-center\">معهد تاجان الأزهري التجمع الاول</li>\r\n<li class=\"ql-direction-rtl ql-align-center\">مجموعه فلل فى التجمع الخامس والاول</li>\r\n<li class=\"ql-direction-rtl ql-align-center\">ديدي مول بالتجمع الاول</li>\r\n</ul>\r\n<p class=\"ql-direction-rtl ql-align-center\">كما اختارت&nbsp;شركة سمارت فيو للاستثمار العقاري</p>\r\n<p class=\"ql-direction-rtl ql-align-center\">شركة EGEC&nbsp;للاستشارات الهندسيه</p>\r\n<p class=\"ql-direction-rtl ql-align-center\">وهى شركة له خبره 30 عاما فى السوق وتأسست عام 1986</p>\r\n<p class=\"ql-direction-rtl ql-align-center\">وهي من قامت بمشروعات كثير فى مصر مثل:</p>\r\n<ul>\r\n<li class=\"ql-direction-rtl ql-align-center\">بورتو نيو كايرو</li>\r\n<li class=\"ql-direction-rtl ql-align-center\">مدينتي</li>\r\n<li class=\"ql-direction-rtl ql-align-center\">UP town cairo</li>\r\n<li class=\"ql-direction-rtl ql-align-center\">Swan lake el gouna</li>\r\n</ul>\r\n<p class=\"ql-direction-rtl ql-align-center\">&nbsp;</p>\r\n<p class=\"ql-direction-rtl ql-align-center\">&nbsp;</p>\r\n<p class=\"ql-align-center\">Town Gate strip Mall 🏬</p>\r\n<p class=\"ql-align-center\">مول تاون جيت&nbsp;</p>\r\n<p class=\"ql-align-center\">مول تجاري طبي&nbsp;‼️&nbsp;</p>\r\n<p class=\"ql-align-center\">بمنطقه ال R7&nbsp;</p>\r\n<p class=\"ql-align-center\">واجهه كامله على شارع 80 متر 🛣️&nbsp;</p>\r\n<p class=\"ql-align-center\">بجوار الجامعه الروسيه مباشره🏫&nbsp;</p>\r\n<p class=\"ql-align-center\">&nbsp;جميع الوحدات التجاريه على واجهه شارع ال 80 اكبر شارع فى ال R7 و لا يوجد محلات داخليه 🙋🏼&zwj;♂️</p>\r\n<p class=\"ql-align-center\">&nbsp;و بجوار 3 مدارس&nbsp;</p>\r\n<p class=\"ql-align-center\">🏦 على شارع رئيسي يصل الى المحور الموازي للمركزي و محور العاصمه</p>\r\n<p class=\"ql-align-center\">&nbsp;</p>\r\n<p class=\"ql-align-center\">🛤️ الارضي معاه المساحه الخارجيه فري و بتطل على الشارع ال 80 متر&nbsp;</p>\r\n<p class=\"ql-align-center\">&nbsp;</p>\r\n<p class=\"ql-align-center\">&nbsp;</p>\r\n<p class=\"ql-align-center\">انظمه السداد</p>\r\n<p class=\"ql-align-center\">_______________</p>\r\n<p class=\"ql-align-center\">&nbsp;</p>\r\n<p class=\"ql-align-center\">نظام ال8 سنوات</p>\r\n<p class=\"ql-align-center\">&nbsp;</p>\r\n<p class=\"ql-align-center\">15% مقدم ودفعه عند الاستلام 10% على 8 سنين</p>\r\n<p class=\"ql-align-center\">بدون خصم</p>\r\n<p class=\"ql-align-center\">&nbsp;</p>\r\n<p class=\"ql-align-center\">____________________</p>\r\n<p class=\"ql-align-center\">&nbsp;</p>\r\n<p class=\"ql-align-center\">*نظام ال 6 سنوات *</p>\r\n<p class=\"ql-align-center\">&nbsp;</p>\r\n<p class=\"ql-align-center\">10- مقدم على 6 سنين</p>\r\n<p class=\"ql-align-center\">خصم 10% على الارضى</p>\r\n<p class=\"ql-align-center\">💥 (الطبى )و 20% على الاول و التانى</p>\r\n<p class=\"ql-align-center\">&nbsp;</p>\r\n<p class=\"ql-align-center\">__________________</p>\r\n<p class=\"ql-align-center\">&nbsp;</p>\r\n<p class=\"ql-align-center\">نظام ال4 سنوات</p>\r\n<p class=\"ql-align-center\">&nbsp;</p>\r\n<p class=\"ql-align-center\">10% مقدم و الباقى على 4 سنين</p>\r\n<p class=\"ql-align-center\">خصم 15% على الارضى&nbsp;</p>\r\n<p class=\"ql-align-center\">&nbsp;</p>\r\n<p class=\"ql-align-center\">🤩 و 25% الاول و التانى</p>\r\n<p class=\"ql-align-center\">&nbsp;</p>\r\n<p class=\"ql-align-center\">و عرض خاص جدااااا على الكاااااش</p>\r\n<p class=\"ql-align-center\">&nbsp;</p>\r\n<p class=\"ql-align-center\">الاستلام</p>\r\n<p class=\"ql-align-center\">6/23</p>\r\n<p class=\"ql-align-center\">&nbsp;😎تشطيب كامل بالتكييفات</p>\r\n<p class=\"ql-align-center\">&nbsp;</p>\r\n<p class=\"ql-align-center\">الجراج 75000 🚘</p>\r\n<p class=\"ql-direction-rtl ql-align-center\">و ديعه الصيانه 10%</p>', 'ولاء سيد', NULL, 'سمارت فيو', 14, 'ar', '2020-10-25 19:06:59', '2020-10-25 19:06:59'),
(27, 'Beta Greens New Cairo', NULL, '<p>Beta Egypt for Urban Development is one of the fastest growing Real Estate developers in the Egyptian market since 1993. Headquartered in Heliopolis, Cairo &ndash; Beta Egypt has investments worth 6 billion Egyptian pounds with landmarks created through fully holistic and blissful communities. Beta Egypt focuses on creating high-end housing communities that cater to meet Egypt&rsquo;s emergent market demand. Beta Egypt celebrates 25 years of successful operations that have led to the creation of gated communities with over 3000 families living within its sustained communities in 6th of October and Obour City. Beta Egypt focuses on building happy communities that redefine living standards, by putting your desires and aspirations first.</p>\r\n<p>&nbsp;</p>\r\n<p>previous projects:</p>\r\n<p>-Beta Greens 6</p>\r\n<p>-Golf residence</p>\r\n<p>-Golf palace</p>\r\n<p>-Beta gardens</p>\r\n<p>-Golf house</p>\r\n<p>-Golf corner</p>\r\n<p>-Beta club house</p>\r\n<p>-Beta greens</p>\r\n<p>&nbsp;</p>\r\n<p>&nbsp;</p>\r\n<p>&nbsp;</p>\r\n<p>&nbsp;</p>\r\n<p>&ldquo;Beta Greens New Cairo&rdquo; offers an integrated component mix creating an exceptionally happy community with privacy,serenity and an unrivaled lifestyle within a spectacular green environment. With its strategic location,stretching across 25 acres of private and pristine landscape with a fantastic assortment of luxury apartments, matchless town and twin houses and luxurious leisure and entertainment. It&rsquo;s true anti dote to the demands of modern life to rejuvenate, relax and enjoy the tranquility of contemporary living. &ldquo;Beta Greens&rdquo;invites you to celebrate a happy life all year round. With its strategic location, the development is a retreat stretching across 85 acres of private and pristine landscape that allows its residents to enjoy the extensive green expanses surrounding the 730 homes in this mixed-use complex.</p>\r\n<p>&nbsp;</p>\r\n<p>&nbsp;</p>\r\n<p>Beta Greens New Cairo</p>\r\n<p>&nbsp;</p>\r\n<p>Location: Future City&nbsp;</p>\r\n<p>Developer: Beta Egypt&nbsp;</p>\r\n<p>&nbsp;</p>\r\n<p>Previous Projects:</p>\r\n<p>- Beta Gardens&nbsp;&nbsp;(6th Of October)</p>\r\n<p>- Golf Residence&nbsp;(6th Of October)</p>\r\n<p>- Beta Greens&nbsp;&nbsp;&nbsp;(6th Of October)</p>\r\n<p>- Golf Mall&nbsp;&nbsp;&nbsp;&nbsp;&nbsp;&nbsp;(6th Of October)</p>\r\n<p>- Golf Palace&nbsp;&nbsp;&nbsp;&nbsp;&nbsp;(Obour City)</p>\r\n<p>- Golf House&nbsp;&nbsp;&nbsp;&nbsp;&nbsp;(Obour City)</p>\r\n<p>&nbsp;</p>\r\n<p>&nbsp;</p>\r\n<p>Project Info:</p>\r\n<p>&nbsp;</p>\r\n<p>- Footprint 20%</p>\r\n<p>- Price start 12K</p>\r\n<p>Facilities:</p>\r\n<p>-Club House&nbsp;</p>\r\n<p>-Commercial Area</p>\r\n<p>- Mall</p>\r\n<p>- Water Features</p>\r\n<p>- Security Services</p>\r\n<p>- Greenery</p>\r\n<p>- Underground Parking</p>\r\n<p>- Nursery</p>\r\n<p>&nbsp;</p>\r\n<p>&nbsp;</p>\r\n<p>Types:&nbsp;Twin House -Town House &ndash; Duplex &ndash; Apartments - studio.</p>\r\n<p>&nbsp;&nbsp;&nbsp;&nbsp;&nbsp;&nbsp;</p>\r\n<p>&nbsp;</p>\r\n<p>&nbsp;&nbsp;&nbsp;&nbsp;&nbsp;&nbsp;&nbsp;&nbsp;&nbsp;&nbsp;</p>\r\n<p>Studios: 83 m</p>\r\n<p>Apartments (G+5+PH)</p>\r\n<p>Ground Floor</p>\r\n<p>2 Bedrooms: 118m</p>\r\n<p>3 Bedrooms: 165m &ndash; 196m</p>\r\n<p>Garden: 36m: 228m</p>\r\n<p>&nbsp;</p>\r\n<p>Typical Floors:</p>\r\n<p>2 Bedrooms: 90 &amp; 127</p>\r\n<p>&nbsp;</p>\r\n<p>3 Bedrooms: 131 &ndash; 151 -163 - 180</p>\r\n<p>&nbsp;</p>\r\n<p>3 Bedrooms + Living: 235m</p>\r\n<p>Penthouse:</p>\r\n<p>BUA: 206m</p>\r\n<p>200m Open terrace.</p>\r\n<p>&nbsp;</p>\r\n<p>BUA: 251m</p>\r\n<p>220m Open Terrace</p>\r\n<p>&nbsp;</p>\r\n<p>-Maintenance: 900 LE per meter&nbsp;</p>\r\n<p>-club house: 75000 (For free now)</p>\r\n<p>&nbsp;</p>\r\n<p>- Finishing: Semi Finished&nbsp;</p>\r\n<p>- Delivery Date 2022</p>\r\n<p>&nbsp;</p>\r\n<p>- Cash discount 25%</p>\r\n<p>&nbsp;</p>\r\n<p>&nbsp;</p>\r\n<p>&nbsp;</p>\r\n<p>Payment plan:</p>\r\n<p>5% Downpayment and the rest over 4 years</p>\r\n<p>10% Downpayment and the rest over 7 years</p>\r\n<p>5% Downpayment + 5% after 3 months + 10% on delivery and the rest over 10 years</p>\r\n<p>&nbsp;</p>\r\n<p>&nbsp;</p>\r\n<p>&nbsp;</p>\r\n<p>-79 m</p>\r\n<p>total price= 1,264,000</p>\r\n<p>DP (10%)= 126,400</p>\r\n<p>Equal installment over 7 years= 13,542 /monthly</p>\r\n<p>&nbsp;</p>', 'ahmed fikry', NULL, 'Beta Egypt', 15, 'en', '2020-10-25 19:21:19', '2020-10-25 19:21:19'),
(28, 'بيتا جرينز مصر الجديده', NULL, '<p>Beta Egypt for Urban Development is one of the fastest growing Real Estate developers in the Egyptian market since 1993. Headquartered in Heliopolis, Cairo &ndash; Beta Egypt has investments worth 6 billion Egyptian pounds with landmarks created through fully holistic and blissful communities. Beta Egypt focuses on creating high-end housing communities that cater to meet Egypt&rsquo;s emergent market demand. Beta Egypt celebrates 25 years of successful operations that have led to the creation of gated communities with over 3000 families living within its sustained communities in 6th of October and Obour City. Beta Egypt focuses on building happy communities that redefine living standards, by putting your desires and aspirations first.</p>\r\n<p>&nbsp;</p>\r\n<p>previous projects:</p>\r\n<p>-Beta Greens 6</p>\r\n<p>-Golf residence</p>\r\n<p>-Golf palace</p>\r\n<p>-Beta gardens</p>\r\n<p>-Golf house</p>\r\n<p>-Golf corner</p>\r\n<p>-Beta club house</p>\r\n<p>-Beta greens</p>\r\n<p>&nbsp;</p>\r\n<p>&nbsp;</p>\r\n<p>&nbsp;</p>\r\n<p>&nbsp;</p>\r\n<p>&ldquo;Beta Greens New Cairo&rdquo; offers an integrated component mix creating an exceptionally happy community with privacy,serenity and an unrivaled lifestyle within a spectacular green environment. With its strategic location,stretching across 25 acres of private and pristine landscape with a fantastic assortment of luxury apartments, matchless town and twin houses and luxurious leisure and entertainment. It&rsquo;s true anti dote to the demands of modern life to rejuvenate, relax and enjoy the tranquility of contemporary living. &ldquo;Beta Greens&rdquo;invites you to celebrate a happy life all year round. With its strategic location, the development is a retreat stretching across 85 acres of private and pristine landscape that allows its residents to enjoy the extensive green expanses surrounding the 730 homes in this mixed-use complex.</p>\r\n<p>&nbsp;</p>\r\n<p>&nbsp;</p>\r\n<p>Beta Greens New Cairo</p>\r\n<p>&nbsp;</p>\r\n<p>Location: Future City&nbsp;</p>\r\n<p>Developer: Beta Egypt&nbsp;</p>\r\n<p>&nbsp;</p>\r\n<p>Previous Projects:</p>\r\n<p>- Beta Gardens&nbsp;&nbsp;(6th Of October)</p>\r\n<p>- Golf Residence&nbsp;(6th Of October)</p>\r\n<p>- Beta Greens&nbsp;&nbsp;&nbsp;(6th Of October)</p>\r\n<p>- Golf Mall&nbsp;&nbsp;&nbsp;&nbsp;&nbsp;&nbsp;(6th Of October)</p>\r\n<p>- Golf Palace&nbsp;&nbsp;&nbsp;&nbsp;&nbsp;(Obour City)</p>\r\n<p>- Golf House&nbsp;&nbsp;&nbsp;&nbsp;&nbsp;(Obour City)</p>\r\n<p>&nbsp;</p>\r\n<p>&nbsp;</p>\r\n<p>Project Info:</p>\r\n<p>&nbsp;</p>\r\n<p>- Footprint 20%</p>\r\n<p>- Price start 12K</p>\r\n<p>Facilities:</p>\r\n<p>-Club House&nbsp;</p>\r\n<p>-Commercial Area</p>\r\n<p>- Mall</p>\r\n<p>- Water Features</p>\r\n<p>- Security Services</p>\r\n<p>- Greenery</p>\r\n<p>- Underground Parking</p>\r\n<p>- Nursery</p>\r\n<p>&nbsp;</p>\r\n<p>&nbsp;</p>\r\n<p>Types:&nbsp;Twin House -Town House &ndash; Duplex &ndash; Apartments - studio.</p>\r\n<p>&nbsp;&nbsp;&nbsp;&nbsp;&nbsp;&nbsp;</p>\r\n<p>&nbsp;</p>\r\n<p>&nbsp;&nbsp;&nbsp;&nbsp;&nbsp;&nbsp;&nbsp;&nbsp;&nbsp;&nbsp;</p>\r\n<p>Studios: 83 m</p>\r\n<p>Apartments (G+5+PH)</p>\r\n<p>Ground Floor</p>\r\n<p>2 Bedrooms: 118m</p>\r\n<p>3 Bedrooms: 165m &ndash; 196m</p>\r\n<p>Garden: 36m: 228m</p>\r\n<p>&nbsp;</p>\r\n<p>Typical Floors:</p>\r\n<p>2 Bedrooms: 90 &amp; 127</p>\r\n<p>&nbsp;</p>\r\n<p>3 Bedrooms: 131 &ndash; 151 -163 - 180</p>\r\n<p>&nbsp;</p>\r\n<p>3 Bedrooms + Living: 235m</p>\r\n<p>Penthouse:</p>\r\n<p>BUA: 206m</p>\r\n<p>200m Open terrace.</p>\r\n<p>&nbsp;</p>\r\n<p>BUA: 251m</p>\r\n<p>220m Open Terrace</p>\r\n<p>&nbsp;</p>\r\n<p>-Maintenance: 900 LE per meter&nbsp;</p>\r\n<p>-club house: 75000 (For free now)</p>\r\n<p>&nbsp;</p>\r\n<p>- Finishing: Semi Finished&nbsp;</p>\r\n<p>- Delivery Date 2022</p>\r\n<p>&nbsp;</p>\r\n<p>- Cash discount 25%</p>\r\n<p>&nbsp;</p>\r\n<p>&nbsp;</p>\r\n<p>&nbsp;</p>\r\n<p>Payment plan:</p>\r\n<p>5% Downpayment and the rest over 4 years</p>\r\n<p>10% Downpayment and the rest over 7 years</p>\r\n<p>5% Downpayment + 5% after 3 months + 10% on delivery and the rest over 10 years</p>\r\n<p>&nbsp;</p>\r\n<p>&nbsp;</p>\r\n<p>&nbsp;</p>\r\n<p>-79 m</p>\r\n<p>total price= 1,264,000</p>\r\n<p>DP (10%)= 126,400</p>\r\n<p>Equal installment over 7 years= 13,542 /monthly</p>\r\n<p>&nbsp;</p>', 'احمد فكري', NULL, 'بيتا ايجيبت', 15, 'ar', '2020-10-25 19:21:19', '2020-10-25 19:21:19'),
(29, 'Evira Mall', NULL, '<p class=\"ql-align-right\">&nbsp;</p>\r\n<p class=\"ql-align-right\">شركه فورسٌزون جروب للتطوٌير العقارى</p>\r\n<p class=\"ql-align-right\">من الشركات الرائدة فً مجال الاستثمار العقاري</p>\r\n<p class=\"ql-align-right\">حٌيث أنها تمتلك اكثر من مشروع:&nbsp;</p>\r\n<p class=\"ql-align-right\">&nbsp;</p>\r\n<p class=\"ql-align-right\">مول تجاري بالعاصمة الإدارٌية</p>\r\n<p class=\"ql-align-right\">&nbsp;-عمارة فً حداٌئق الاهرام&nbsp;</p>\r\n<p class=\"ql-align-right\">-عمارات فً العبور</p>\r\n<p class=\"ql-align-right\">&nbsp;-عمارات فً التجمع&nbsp;</p>\r\n<p class=\"ql-align-right\">-عماٌرات فً اكتوبر</p>\r\n<p class=\"ql-align-right\">&nbsp;</p>\r\n<p class=\"ql-align-right\">&nbsp;</p>\r\n<p class=\"ql-align-right\">&nbsp;</p>\r\n<p class=\"ql-align-right\">&nbsp;</p>\r\n<p class=\"ql-align-right\">شركة Four season Group للتطوير العقاري&nbsp;</p>\r\n<p class=\"ql-align-right\">&nbsp;تطرح ثالث مشاريعها بالعاصمة الإدارية الجديدة ... 🔥</p>\r\n<p class=\"ql-align-right\">&nbsp;&nbsp;&nbsp;&nbsp;&nbsp;&nbsp;&nbsp;&nbsp;&nbsp;&nbsp;&nbsp;&nbsp;&nbsp;&nbsp;Evira Mall</p>\r\n<p class=\"ql-align-right\">----------------</p>\r\n<p class=\"ql-align-right\">-بأميز موقع بالعاصمة الإدارية في منطقة&nbsp;</p>\r\n<p class=\"ql-align-right\">Down Town 🌍&nbsp;</p>\r\n<p class=\"ql-align-right\">بجوار كل من 🔥</p>\r\n<p class=\"ql-align-right\">💥مونوريل العاصمة (القطار الكهربائي)</p>\r\n<p class=\"ql-align-right\">💥 منطقة البنوك</p>\r\n<p class=\"ql-align-right\">💥البنك المركزى</p>\r\n<p class=\"ql-align-right\">💥الحى الحكومى</p>\r\n<p class=\"ql-align-right\">💥المحطة المركزية</p>\r\n<p class=\"ql-align-right\">💥كاتدرائية ميلاد المسيح</p>\r\n<p class=\"ql-align-right\">💥قطاع شركات البترول</p>\r\n<p class=\"ql-align-right\">💥قطاع شركات الطيران والسياحة</p>\r\n<p class=\"ql-align-right\">💥قطاع شركات العقارات</p>\r\n<p class=\"ql-align-right\">💥اسواق الذهب</p>\r\n<p class=\"ql-align-right\">💥اسواق الموضة والأزياء</p>\r\n<p class=\"ql-align-right\">💥اسواق الكمبيوتر والتكنولوجيا</p>\r\n<p class=\"ql-align-right\">💥اكبر مسجد بالشرق الأوسط بمساحة 68 فدان (مسجد مصر)</p>\r\n<p class=\"ql-align-right\">💥دار الأوبرا المصرية</p>\r\n<p class=\"ql-align-right\">💥مطار العاصمة الادارية الجديدة</p>\r\n<p class=\"ql-align-right\">💥مجلس الشعب</p>\r\n<p class=\"ql-align-right\">💥مجلس الوزراء</p>\r\n<p class=\"ql-align-right\">💥القطاعات الاقتصادية</p>\r\n<p class=\"ql-align-right\">💥القطاعات الطبية</p>\r\n<p class=\"ql-align-right\">💥القطاعات الإدارية</p>\r\n<p class=\"ql-align-right\">💥مناطق التسوق العامة</p>\r\n<p class=\"ql-align-right\">💥مناطق الترفية العامة&nbsp;</p>\r\n<p class=\"ql-align-right\">💥احياء سكنية فاخرة منطقة R7 &amp; R8</p>\r\n<p class=\"ql-align-right\">&nbsp;</p>\r\n<p class=\"ql-align-right\">----------------</p>\r\n<p class=\"ql-align-right\">مساحة المباني بكامل المشروع ارضي وخمس ادوار 8,000 متر مربع ...</p>\r\n<p class=\"ql-align-right\">&nbsp;</p>\r\n<p class=\"ql-align-right\">وعلشان ديما بندور علي ان يكون استثمارك ناجح حطينا اقوي الخدمات التشيغيلة في المول وكمان عائد استثماري حقيقي من اول يوم تعاقد ...&nbsp;</p>\r\n<p class=\"ql-align-right\">&nbsp;</p>\r\n<p class=\"ql-align-right\">⚡⁦⬅️⁩الدور الارضي هايبر ماركيت ..</p>\r\n<p class=\"ql-align-right\">⚡⁦⬅️⁩الدول الاول skating..</p>\r\n<p class=\"ql-align-right\">⚡⁦⬅️⁩الدور الثاني بالكامل مخصص لتجارة الدهب والفضة</p>\r\n<p class=\"ql-align-right\">⚡⁦⬅️⁩الدور الثالث Kids area&nbsp;</p>\r\n<p class=\"ql-align-right\">⚡⁦⬅️⁩الدور الرابع والخامس Food Court واكبر مجمع سينما...</p>\r\n<p class=\"ql-align-right\">⚡⁦⬅️⁩نافورة راقصة&nbsp;</p>\r\n<p class=\"ql-align-right\">⚡⁦⬅️⁩انار بالطاقة الشمسية</p>\r\n<p class=\"ql-align-right\">⚡⁦⬅️⁩انذار للحريق و نظام اطفاء ذاتى للحريق</p>\r\n<p class=\"ql-align-right\">⚡⁦⬅️⁩ 4 مصاعد للمبني</p>\r\n<p class=\"ql-align-right\">⚡⁦⬅️⁩جراج دورين تحت الارض</p>\r\n<p class=\"ql-align-right\">⚡⁦⬅️⁩ اماكن خارجيه للجلوس</p>\r\n<p class=\"ql-align-right\">⚡⁦⬅️⁩ شاشات عرض و يافطات دعايه&nbsp;</p>\r\n<p class=\"ql-align-right\">⚡⁦⬅️⁩نادى صحى&nbsp;</p>\r\n<p class=\"ql-align-right\">⚡⁦⬅️⁩لاند سكيب&nbsp;</p>\r\n<p class=\"ql-align-right\">⚡⁦⬅️⁩امن و كاميرات مراقبه ٢٤ ساعه&nbsp;</p>\r\n<p class=\"ql-align-right\">⚡⁦⬅️⁩ خدمات تنظيف و عنايه بالمبنى&nbsp;</p>\r\n<p class=\"ql-align-right\">⚡⁦⬅️⁩ شركه صيانه&nbsp;</p>\r\n<p class=\"ql-align-right\">⚡⁦⬅️⁩مولدات كهربائبه للطوارئ</p>\r\n<p class=\"ql-align-right\">⚡⁦⬅️⁩ خدمات انترنت مجهزه للمول بالكامل</p>\r\n<p class=\"ql-align-right\">-----------&nbsp;</p>\r\n<p class=\"ql-align-right\">&nbsp;</p>\r\n<p class=\"ql-align-right\">&nbsp;</p>\r\n<p class=\"ql-align-right\">60,000-130,000تبداالمساحاتمن20م ٌ يبداسعر المترمن</p>\r\n<p class=\"ql-align-right\">&nbsp;</p>\r\n<p class=\"ql-align-right\">💥اعلي واسرع عائد إستثماري في السوق العقاري المصري بالعاصمة الادارية الجديدة💰🏦</p>\r\n<p class=\"ql-align-right\">&nbsp;</p>\r\n<p class=\"ql-align-right\">&nbsp;</p>\r\n<p class=\"ql-align-right\">💥مقدم 30% واحصل علي عائد 12% لمدة سنتين من التعاقد💰💰وأول قسط بعد سنه والباقى على 6 سنوات.&nbsp;</p>\r\n<p class=\"ql-align-right\">&nbsp;</p>\r\n<p class=\"ql-align-right\">💥مقدم 35% واحصل علي عائد 14% لمدة سنتين من التعاقد ا💰💰وأول قسط بعد سنه والباقى على 6 سنوات.</p>\r\n<p class=\"ql-align-right\">&nbsp;</p>\r\n<p class=\"ql-align-right\">💥مقدم 40% واحصل على عائد 16% لمدة سنتين من التعاقد💰💰وأول قسط بعد سنه والباقى على 6 سنوات</p>\r\n<p class=\"ql-align-right\">💥مقدم50٪ واحصل على عائد&nbsp;18٪ لمدة سنتين من التعاقد💰💰وآول قسط بعد سنة والباقي على&nbsp;6سنوات</p>\r\n<p class=\"ql-align-right\">&nbsp;</p>\r\n<p class=\"ql-align-right\">&nbsp;</p>\r\n<p class=\"ql-align-right\">0%&nbsp;مقدم و بعد 3 شهور 5% واقساط متساويه&nbsp;&nbsp;على 6 سنوات💰💰</p>\r\n<p class=\"ql-align-right\">&nbsp;</p>\r\n<p class=\"ql-align-right\">10%&nbsp;مقدم 5% بعد سنه و الباقى اقساط متساويه على 7 سنوات💰💰&nbsp;&nbsp;</p>\r\n<p class=\"ql-align-right\">&nbsp;</p>\r\n<p class=\"ql-align-right\">&nbsp;15%&nbsp;مقدم 5% بعد سنه والباقى اقساط متساويه على 8 سنوات💰💰</p>\r\n<p class=\"ql-align-right\">&nbsp;</p>\r\n<p class=\"ql-align-right\">&nbsp;</p>\r\n<p class=\"ql-align-right\">&nbsp;</p>\r\n<p class=\"ql-align-right\">-نسبة التحميل&nbsp;30٪</p>\r\n<p class=\"ql-align-right\">-الصيانة&nbsp;8٪</p>\r\n<p class=\"ql-align-right\">-نصف تشطيب</p>\r\n<p class=\"ql-align-right\">-خسم للكاش&nbsp;35٪</p>\r\n<p class=\"ql-align-right\">-خصم&nbsp;15٪ على سعر المتر</p>', 'caroline zaki', NULL, 'four season group', 16, 'en', '2020-10-25 19:24:50', '2020-10-25 19:24:50');
INSERT INTO `project_translations` (`id`, `name`, `subtitle`, `description`, `indirect_sales`, `payment_methods`, `developer_company`, `project_id`, `locale`, `created_at`, `updated_at`) VALUES
(30, 'ايفيرا مول', NULL, '<p class=\"ql-align-right\">&nbsp;</p>\r\n<p class=\"ql-align-right\">شركه فورسٌزون جروب للتطوٌير العقارى</p>\r\n<p class=\"ql-align-right\">من الشركات الرائدة فً مجال الاستثمار العقاري</p>\r\n<p class=\"ql-align-right\">حٌيث أنها تمتلك اكثر من مشروع:&nbsp;</p>\r\n<p class=\"ql-align-right\">&nbsp;</p>\r\n<p class=\"ql-align-right\">مول تجاري بالعاصمة الإدارٌية</p>\r\n<p class=\"ql-align-right\">&nbsp;-عمارة فً حداٌئق الاهرام&nbsp;</p>\r\n<p class=\"ql-align-right\">-عمارات فً العبور</p>\r\n<p class=\"ql-align-right\">&nbsp;-عمارات فً التجمع&nbsp;</p>\r\n<p class=\"ql-align-right\">-عماٌرات فً اكتوبر</p>\r\n<p class=\"ql-align-right\">&nbsp;</p>\r\n<p class=\"ql-align-right\">&nbsp;</p>\r\n<p class=\"ql-align-right\">&nbsp;</p>\r\n<p class=\"ql-align-right\">&nbsp;</p>\r\n<p class=\"ql-align-right\">شركة Four season Group للتطوير العقاري&nbsp;</p>\r\n<p class=\"ql-align-right\">&nbsp;تطرح ثالث مشاريعها بالعاصمة الإدارية الجديدة ... 🔥</p>\r\n<p class=\"ql-align-right\">&nbsp;&nbsp;&nbsp;&nbsp;&nbsp;&nbsp;&nbsp;&nbsp;&nbsp;&nbsp;&nbsp;&nbsp;&nbsp;&nbsp;Evira Mall</p>\r\n<p class=\"ql-align-right\">----------------</p>\r\n<p class=\"ql-align-right\">-بأميز موقع بالعاصمة الإدارية في منطقة&nbsp;</p>\r\n<p class=\"ql-align-right\">Down Town 🌍&nbsp;</p>\r\n<p class=\"ql-align-right\">بجوار كل من 🔥</p>\r\n<p class=\"ql-align-right\">💥مونوريل العاصمة (القطار الكهربائي)</p>\r\n<p class=\"ql-align-right\">💥 منطقة البنوك</p>\r\n<p class=\"ql-align-right\">💥البنك المركزى</p>\r\n<p class=\"ql-align-right\">💥الحى الحكومى</p>\r\n<p class=\"ql-align-right\">💥المحطة المركزية</p>\r\n<p class=\"ql-align-right\">💥كاتدرائية ميلاد المسيح</p>\r\n<p class=\"ql-align-right\">💥قطاع شركات البترول</p>\r\n<p class=\"ql-align-right\">💥قطاع شركات الطيران والسياحة</p>\r\n<p class=\"ql-align-right\">💥قطاع شركات العقارات</p>\r\n<p class=\"ql-align-right\">💥اسواق الذهب</p>\r\n<p class=\"ql-align-right\">💥اسواق الموضة والأزياء</p>\r\n<p class=\"ql-align-right\">💥اسواق الكمبيوتر والتكنولوجيا</p>\r\n<p class=\"ql-align-right\">💥اكبر مسجد بالشرق الأوسط بمساحة 68 فدان (مسجد مصر)</p>\r\n<p class=\"ql-align-right\">💥دار الأوبرا المصرية</p>\r\n<p class=\"ql-align-right\">💥مطار العاصمة الادارية الجديدة</p>\r\n<p class=\"ql-align-right\">💥مجلس الشعب</p>\r\n<p class=\"ql-align-right\">💥مجلس الوزراء</p>\r\n<p class=\"ql-align-right\">💥القطاعات الاقتصادية</p>\r\n<p class=\"ql-align-right\">💥القطاعات الطبية</p>\r\n<p class=\"ql-align-right\">💥القطاعات الإدارية</p>\r\n<p class=\"ql-align-right\">💥مناطق التسوق العامة</p>\r\n<p class=\"ql-align-right\">💥مناطق الترفية العامة&nbsp;</p>\r\n<p class=\"ql-align-right\">💥احياء سكنية فاخرة منطقة R7 &amp; R8</p>\r\n<p class=\"ql-align-right\">&nbsp;</p>\r\n<p class=\"ql-align-right\">----------------</p>\r\n<p class=\"ql-align-right\">مساحة المباني بكامل المشروع ارضي وخمس ادوار 8,000 متر مربع ...</p>\r\n<p class=\"ql-align-right\">&nbsp;</p>\r\n<p class=\"ql-align-right\">وعلشان ديما بندور علي ان يكون استثمارك ناجح حطينا اقوي الخدمات التشيغيلة في المول وكمان عائد استثماري حقيقي من اول يوم تعاقد ...&nbsp;</p>\r\n<p class=\"ql-align-right\">&nbsp;</p>\r\n<p class=\"ql-align-right\">⚡⁦⬅️⁩الدور الارضي هايبر ماركيت ..</p>\r\n<p class=\"ql-align-right\">⚡⁦⬅️⁩الدول الاول skating..</p>\r\n<p class=\"ql-align-right\">⚡⁦⬅️⁩الدور الثاني بالكامل مخصص لتجارة الدهب والفضة</p>\r\n<p class=\"ql-align-right\">⚡⁦⬅️⁩الدور الثالث Kids area&nbsp;</p>\r\n<p class=\"ql-align-right\">⚡⁦⬅️⁩الدور الرابع والخامس Food Court واكبر مجمع سينما...</p>\r\n<p class=\"ql-align-right\">⚡⁦⬅️⁩نافورة راقصة&nbsp;</p>\r\n<p class=\"ql-align-right\">⚡⁦⬅️⁩انار بالطاقة الشمسية</p>\r\n<p class=\"ql-align-right\">⚡⁦⬅️⁩انذار للحريق و نظام اطفاء ذاتى للحريق</p>\r\n<p class=\"ql-align-right\">⚡⁦⬅️⁩ 4 مصاعد للمبني</p>\r\n<p class=\"ql-align-right\">⚡⁦⬅️⁩جراج دورين تحت الارض</p>\r\n<p class=\"ql-align-right\">⚡⁦⬅️⁩ اماكن خارجيه للجلوس</p>\r\n<p class=\"ql-align-right\">⚡⁦⬅️⁩ شاشات عرض و يافطات دعايه&nbsp;</p>\r\n<p class=\"ql-align-right\">⚡⁦⬅️⁩نادى صحى&nbsp;</p>\r\n<p class=\"ql-align-right\">⚡⁦⬅️⁩لاند سكيب&nbsp;</p>\r\n<p class=\"ql-align-right\">⚡⁦⬅️⁩امن و كاميرات مراقبه ٢٤ ساعه&nbsp;</p>\r\n<p class=\"ql-align-right\">⚡⁦⬅️⁩ خدمات تنظيف و عنايه بالمبنى&nbsp;</p>\r\n<p class=\"ql-align-right\">⚡⁦⬅️⁩ شركه صيانه&nbsp;</p>\r\n<p class=\"ql-align-right\">⚡⁦⬅️⁩مولدات كهربائبه للطوارئ</p>\r\n<p class=\"ql-align-right\">⚡⁦⬅️⁩ خدمات انترنت مجهزه للمول بالكامل</p>\r\n<p class=\"ql-align-right\">-----------&nbsp;</p>\r\n<p class=\"ql-align-right\">&nbsp;</p>\r\n<p class=\"ql-align-right\">&nbsp;</p>\r\n<p class=\"ql-align-right\">60,000-130,000تبداالمساحاتمن20م ٌ يبداسعر المترمن</p>\r\n<p class=\"ql-align-right\">&nbsp;</p>\r\n<p class=\"ql-align-right\">💥اعلي واسرع عائد إستثماري في السوق العقاري المصري بالعاصمة الادارية الجديدة💰🏦</p>\r\n<p class=\"ql-align-right\">&nbsp;</p>\r\n<p class=\"ql-align-right\">&nbsp;</p>\r\n<p class=\"ql-align-right\">💥مقدم 30% واحصل علي عائد 12% لمدة سنتين من التعاقد💰💰وأول قسط بعد سنه والباقى على 6 سنوات.&nbsp;</p>\r\n<p class=\"ql-align-right\">&nbsp;</p>\r\n<p class=\"ql-align-right\">💥مقدم 35% واحصل علي عائد 14% لمدة سنتين من التعاقد ا💰💰وأول قسط بعد سنه والباقى على 6 سنوات.</p>\r\n<p class=\"ql-align-right\">&nbsp;</p>\r\n<p class=\"ql-align-right\">💥مقدم 40% واحصل على عائد 16% لمدة سنتين من التعاقد💰💰وأول قسط بعد سنه والباقى على 6 سنوات</p>\r\n<p class=\"ql-align-right\">💥مقدم50٪ واحصل على عائد&nbsp;18٪ لمدة سنتين من التعاقد💰💰وآول قسط بعد سنة والباقي على&nbsp;6سنوات</p>\r\n<p class=\"ql-align-right\">&nbsp;</p>\r\n<p class=\"ql-align-right\">&nbsp;</p>\r\n<p class=\"ql-align-right\">0%&nbsp;مقدم و بعد 3 شهور 5% واقساط متساويه&nbsp;&nbsp;على 6 سنوات💰💰</p>\r\n<p class=\"ql-align-right\">&nbsp;</p>\r\n<p class=\"ql-align-right\">10%&nbsp;مقدم 5% بعد سنه و الباقى اقساط متساويه على 7 سنوات💰💰&nbsp;&nbsp;</p>\r\n<p class=\"ql-align-right\">&nbsp;</p>\r\n<p class=\"ql-align-right\">&nbsp;15%&nbsp;مقدم 5% بعد سنه والباقى اقساط متساويه على 8 سنوات💰💰</p>\r\n<p class=\"ql-align-right\">&nbsp;</p>\r\n<p class=\"ql-align-right\">&nbsp;</p>\r\n<p class=\"ql-align-right\">&nbsp;</p>\r\n<p class=\"ql-align-right\">-نسبة التحميل&nbsp;30٪</p>\r\n<p class=\"ql-align-right\">-الصيانة&nbsp;8٪</p>\r\n<p class=\"ql-align-right\">-نصف تشطيب</p>\r\n<p class=\"ql-align-right\">-خسم للكاش&nbsp;35٪</p>\r\n<p class=\"ql-align-right\">-خصم&nbsp;15٪ على سعر المتر</p>', 'كارولين زكي', NULL, 'فور سيزون جروب', 16, 'ar', '2020-10-25 19:24:50', '2020-10-25 19:24:50'),
(31, 'Financial Hub', NULL, '<p>OVER THE COURSE OF TWO DECADES OF DEDICATION AND HARD WORK, SUD HAS MANAGED TO BECOME A PILLAR OF SUCCESS WHEN IT COMES TO REAL ESTATE DEVELOPMENT WE START EVERY PROJECT WITH ONE GOAL IN MIND, WHICH IS TAKING THE LEAD IN CREATING UPSCALE COMMUNITIES THAT PROVIDE UTMOST PRIVACY, MAXIMUM SECURITY AND SUBSTANTIAL COMFORT. THROUGH ALL OF OUR REAL ESTATE PROJECTS THAT INCLUDE TOURISTIC RESORTS, ADVANCED RESIDENTIAL TOWERS, SHOPPING CENTERS AS WELL AS MEDICAL, EDUCATIONAL AND SPORTS FACILITIES, WE\'VE MANAGED TO MAKE AN ARCHITECTURAL FUSION BETWEEN CONTEMPORARY AND TRADITIONAL DESIGN FEATURES THAT HAS BECOME A TRADEMARK OF OURS. INSPIRED BY YEARS OF CUSTOMER\'S TRUST COMES OUR MOTTO, AND OUR NAME HAS BECOME ASSOCIATED WITH \"YOUR SAFE INVESTMENT\" WE\'VE ALWAYS BEEN STRIVING TO LIVE UP TO OUR CUSTOMER\'S EXPECTATIONS AND TO EARN THEIR TRUST, BECAUSE WE CONSIDER OUR CUSTOMER TO BE OUR MOST IMPORTANT ASSET</p>\r\n<p>&nbsp;</p>\r\n<p>&nbsp;</p>\r\n<p>SUD PROJECTS:</p>\r\n<p class=\"ql-align-center\"><strong>COMMERCIAL&nbsp;</strong><strong>PROJECTS</strong></p>\r\n<p>&nbsp;</p>\r\n<p><a href=\"https://sud.com.eg/portfolio/financial-hub/\" target=\"_blank\" rel=\"noopener\">FINANCIAL HUB</a></p>\r\n<p><a href=\"https://sud.com.eg/portfolio/capital-hub/\" target=\"_blank\" rel=\"noopener\">CAPITAL HUB</a></p>\r\n<p><a href=\"https://sud.com.eg/portfolio/capital-hub-2/\" target=\"_blank\" rel=\"noopener\">CAPITAL HUB 2</a></p>\r\n<p><a href=\"https://sud.com.eg/portfolio/high-city-mall/\" target=\"_blank\" rel=\"noopener\">HIGH CITY MALL</a></p>\r\n<p><a href=\"https://sud.com.eg/portfolio/sunset-mall/\" target=\"_blank\" rel=\"noopener\">SUNSET MALL</a></p>\r\n<p><a href=\"https://sud.com.eg/portfolio/trade-center/\" target=\"_blank\" rel=\"noopener\">TRADE CENTER</a></p>\r\n<p><a href=\"https://sud.com.eg/portfolio/al-nokhba-medical-tower/\" target=\"_blank\" rel=\"noopener\">ALNOKHBA MEDICAL TOWER</a></p>\r\n<p class=\"ql-align-center\"><strong>RESIDENTIAL&nbsp;</strong><strong>PROJECTS</strong></p>\r\n<p>&nbsp;</p>\r\n<p><a href=\"https://sud.com.eg/portfolio/capital-heights-1/\" target=\"_blank\" rel=\"noopener\">CAPITAL HEIGHTS1</a></p>\r\n<p><a href=\"https://sud.com.eg/portfolio/capital-heights-2/\" target=\"_blank\" rel=\"noopener\">CAPITAL HEIGHTS 2</a></p>\r\n<p><a href=\"https://sud.com.eg/portfolio/high-city/\" target=\"_blank\" rel=\"noopener\">HIGH CITY</a></p>\r\n<p><a href=\"https://sud.com.eg/portfolio/the-pearl/\" target=\"_blank\" rel=\"noopener\">THE PEARL</a></p>\r\n<p><a href=\"https://sud.com.eg/portfolio/alsafwa-elgance-tower/\" target=\"_blank\" rel=\"noopener\">ALSAFWA ELEGANCE TOWER</a></p>\r\n<p><a href=\"https://sud.com.eg/portfolio/alsafwa-tower-albatrawy/\" target=\"_blank\" rel=\"noopener\">ALSAFWA TOWER &ndash; ALBATRAWY</a></p>\r\n<p class=\"ql-align-center\"><strong>RESORTS</strong></p>\r\n<p><a href=\"https://sud.com.eg/portfolio/sunset1/\" target=\"_blank\" rel=\"noopener\">SUNSET1</a></p>\r\n<p><a href=\"https://sud.com.eg/portfolio/sunset-2/\" target=\"_blank\" rel=\"noopener\">SUNSET2</a></p>\r\n<p><a href=\"https://sud.com.eg/portfolio/sunset3/\" target=\"_blank\" rel=\"noopener\">SUNSET3</a></p>\r\n<p><a href=\"https://sud.com.eg/portfolio/sunset-4/\" target=\"_blank\" rel=\"noopener\">SUNSET4</a></p>\r\n<p class=\"ql-align-center\"><strong>EDUCATIONAL&nbsp;</strong><strong>PROJECTS</strong></p>\r\n<p><a href=\"https://sud.com.eg/portfolio/alsafwa-international-school/\" target=\"_blank\" rel=\"noopener\">ALSAFWA INTERNATIONAL SCHOOL</a></p>\r\n<p><a href=\"https://sud.com.eg/portfolio/mavericks-international-school/\" target=\"_blank\" rel=\"noopener\">MAVERICKS INTERNATIONAL SCHOOL</a></p>\r\n<p>&nbsp;</p>\r\n<p>&nbsp;</p>\r\n<p>&nbsp;</p>\r\n<p>&nbsp;</p>\r\n<p>&nbsp;</p>\r\n<p>The launch of Safwa Urban Development &ndash; SUD latest and fifth project in the new administrative capital, &rdquo; Financial HUB &rdquo; the only approved design in the heart of the financial and business district in the newcapital, the project is built on an area of ​​6000 m ,The building features a direct back view of a central public park with an area of ​​24000 square meters.&nbsp;&nbsp;Financial HUB is located in the financial and business district on the main street next to Al Massa Hotel with a width of 94 m, Next to the ministries, one minute from the Ministry of Finance, the Cabinet, the new Parliament, the Central Bank building and the Governor&rsquo;s Palace.</p>\r\n<p><strong>Project facilities: &ndash;</strong></p>\r\n<p>&ndash; Business Center (more than 4 meeting rooms)</p>\r\n<p>&ndash; Power Saving (solar energy)</p>\r\n<p>&ndash; Parking (more than 200 plots)</p>\r\n<p>&ndash; Fitness Center</p>\r\n<p>&ndash; Triple Services (data &ndash;audio-video)</p>\r\n<p>&ndash; Smart App</p>\r\n<p>&ndash; Valet</p>\r\n<p>&ndash; Concierge</p>\r\n<p>&ndash; Panorama Elevators</p>\r\n<p>&ndash; Loading Elevator</p>\r\n<p>&ndash; Fire Alarm</p>\r\n<p>&ndash; Security System</p>\r\n<p>&ndash; Fully Finished Offices</p>\r\n<p>&nbsp;</p>\r\n<p>&nbsp;</p>\r\n<p>&nbsp;</p>\r\n<p>&nbsp;</p>\r\n<p class=\"ql-align-right\">&nbsp;</p>\r\n<p class=\"ql-align-right\">المساحة= ٦٠٠٠ متر</p>\r\n<p class=\"ql-align-right\">&nbsp;</p>\r\n<p class=\"ql-align-right\">عدد الأدوار=٢ بدروم+ارضي+٦</p>\r\n<p class=\"ql-align-right\">&nbsp;</p>\r\n<p class=\"ql-align-right\">التشطيب (تشطيب كامل في الإداري وطوب احمر للتجاري</p>\r\n<p class=\"ql-align-right\">&nbsp;</p>\r\n<p class=\"ql-align-right\">المساحات (مساحة التجاري الارضي من 57 متر الى 162 متر</p>\r\n<p class=\"ql-align-right\">الدور الاول من 37 متر الى 83 متر</p>\r\n<p class=\"ql-align-right\">الاداري من 50 متر الى 1000 متر)</p>\r\n<p class=\"ql-align-right\">&nbsp;</p>\r\n<p class=\"ql-align-right\">&nbsp;</p>\r\n<p class=\"ql-align-right\">سعر المتر (الارضي من 120000 الى 180000 جنيه</p>\r\n<p class=\"ql-align-right\">الاول 180000جنيه</p>\r\n<p class=\"ql-align-right\">الاداري من 45000 الى 55000 جنيه)</p>\r\n<p class=\"ql-align-right\">&nbsp;</p>\r\n<p class=\"ql-align-right\">&nbsp;</p>\r\n<p class=\"ql-align-right\">الأسعار (الارضي من 7410000 جنيه</p>\r\n<p class=\"ql-align-right\">الاول من 666000</p>\r\n<p class=\"ql-align-right\">الاداري من 2525000)</p>\r\n<p class=\"ql-align-right\">&nbsp;</p>\r\n<p class=\"ql-align-right\">&nbsp;</p>\r\n<p class=\"ql-align-right\">طرق السداد (10 % مقدم و 12قسط *4% و و المتبقي على 16 قسط)</p>\r\n<p class=\"ql-align-right\">&nbsp;</p>\r\n<p class=\"ql-align-right\">&nbsp;</p>\r\n<p class=\"ql-align-right\">وديعة الصيانة =&nbsp;10% عند الاستلام</p>\r\n<p class=\"ql-align-right\">&nbsp;</p>\r\n<p class=\"ql-align-right\">الاستلام&nbsp;&nbsp;يونيه 2022</p>\r\n<p>&nbsp;</p>\r\n<p>&nbsp;</p>\r\n<p>&nbsp;</p>\r\n<p class=\"ql-align-right\">Financial HUB الحي المالي</p>\r\n<p class=\"ql-align-right\">&nbsp;</p>\r\n<p class=\"ql-align-right\">مكتب اداري مساحة : 45.5م صاافي&nbsp;</p>\r\n<p class=\"ql-align-right\">السعر : 2,502,500&nbsp;</p>\r\n<p class=\"ql-align-right\">مقدم 10% وعلى 7 سنوات</p>', 'sara ahmed', NULL, 'SUD', 17, 'en', '2020-10-25 19:27:45', '2020-10-25 19:27:45'),
(32, 'فاينانشيال هب', NULL, '<p>OVER THE COURSE OF TWO DECADES OF DEDICATION AND HARD WORK, SUD HAS MANAGED TO BECOME A PILLAR OF SUCCESS WHEN IT COMES TO REAL ESTATE DEVELOPMENT WE START EVERY PROJECT WITH ONE GOAL IN MIND, WHICH IS TAKING THE LEAD IN CREATING UPSCALE COMMUNITIES THAT PROVIDE UTMOST PRIVACY, MAXIMUM SECURITY AND SUBSTANTIAL COMFORT. THROUGH ALL OF OUR REAL ESTATE PROJECTS THAT INCLUDE TOURISTIC RESORTS, ADVANCED RESIDENTIAL TOWERS, SHOPPING CENTERS AS WELL AS MEDICAL, EDUCATIONAL AND SPORTS FACILITIES, WE\'VE MANAGED TO MAKE AN ARCHITECTURAL FUSION BETWEEN CONTEMPORARY AND TRADITIONAL DESIGN FEATURES THAT HAS BECOME A TRADEMARK OF OURS. INSPIRED BY YEARS OF CUSTOMER\'S TRUST COMES OUR MOTTO, AND OUR NAME HAS BECOME ASSOCIATED WITH \"YOUR SAFE INVESTMENT\" WE\'VE ALWAYS BEEN STRIVING TO LIVE UP TO OUR CUSTOMER\'S EXPECTATIONS AND TO EARN THEIR TRUST, BECAUSE WE CONSIDER OUR CUSTOMER TO BE OUR MOST IMPORTANT ASSET</p>\r\n<p>&nbsp;</p>\r\n<p>&nbsp;</p>\r\n<p>SUD PROJECTS:</p>\r\n<p class=\"ql-align-center\"><strong>COMMERCIAL&nbsp;</strong><strong>PROJECTS</strong></p>\r\n<p>&nbsp;</p>\r\n<p><a href=\"https://sud.com.eg/portfolio/financial-hub/\" target=\"_blank\" rel=\"noopener\">FINANCIAL HUB</a></p>\r\n<p><a href=\"https://sud.com.eg/portfolio/capital-hub/\" target=\"_blank\" rel=\"noopener\">CAPITAL HUB</a></p>\r\n<p><a href=\"https://sud.com.eg/portfolio/capital-hub-2/\" target=\"_blank\" rel=\"noopener\">CAPITAL HUB 2</a></p>\r\n<p><a href=\"https://sud.com.eg/portfolio/high-city-mall/\" target=\"_blank\" rel=\"noopener\">HIGH CITY MALL</a></p>\r\n<p><a href=\"https://sud.com.eg/portfolio/sunset-mall/\" target=\"_blank\" rel=\"noopener\">SUNSET MALL</a></p>\r\n<p><a href=\"https://sud.com.eg/portfolio/trade-center/\" target=\"_blank\" rel=\"noopener\">TRADE CENTER</a></p>\r\n<p><a href=\"https://sud.com.eg/portfolio/al-nokhba-medical-tower/\" target=\"_blank\" rel=\"noopener\">ALNOKHBA MEDICAL TOWER</a></p>\r\n<p class=\"ql-align-center\"><strong>RESIDENTIAL&nbsp;</strong><strong>PROJECTS</strong></p>\r\n<p>&nbsp;</p>\r\n<p><a href=\"https://sud.com.eg/portfolio/capital-heights-1/\" target=\"_blank\" rel=\"noopener\">CAPITAL HEIGHTS1</a></p>\r\n<p><a href=\"https://sud.com.eg/portfolio/capital-heights-2/\" target=\"_blank\" rel=\"noopener\">CAPITAL HEIGHTS 2</a></p>\r\n<p><a href=\"https://sud.com.eg/portfolio/high-city/\" target=\"_blank\" rel=\"noopener\">HIGH CITY</a></p>\r\n<p><a href=\"https://sud.com.eg/portfolio/the-pearl/\" target=\"_blank\" rel=\"noopener\">THE PEARL</a></p>\r\n<p><a href=\"https://sud.com.eg/portfolio/alsafwa-elgance-tower/\" target=\"_blank\" rel=\"noopener\">ALSAFWA ELEGANCE TOWER</a></p>\r\n<p><a href=\"https://sud.com.eg/portfolio/alsafwa-tower-albatrawy/\" target=\"_blank\" rel=\"noopener\">ALSAFWA TOWER &ndash; ALBATRAWY</a></p>\r\n<p class=\"ql-align-center\"><strong>RESORTS</strong></p>\r\n<p><a href=\"https://sud.com.eg/portfolio/sunset1/\" target=\"_blank\" rel=\"noopener\">SUNSET1</a></p>\r\n<p><a href=\"https://sud.com.eg/portfolio/sunset-2/\" target=\"_blank\" rel=\"noopener\">SUNSET2</a></p>\r\n<p><a href=\"https://sud.com.eg/portfolio/sunset3/\" target=\"_blank\" rel=\"noopener\">SUNSET3</a></p>\r\n<p><a href=\"https://sud.com.eg/portfolio/sunset-4/\" target=\"_blank\" rel=\"noopener\">SUNSET4</a></p>\r\n<p class=\"ql-align-center\"><strong>EDUCATIONAL&nbsp;</strong><strong>PROJECTS</strong></p>\r\n<p><a href=\"https://sud.com.eg/portfolio/alsafwa-international-school/\" target=\"_blank\" rel=\"noopener\">ALSAFWA INTERNATIONAL SCHOOL</a></p>\r\n<p><a href=\"https://sud.com.eg/portfolio/mavericks-international-school/\" target=\"_blank\" rel=\"noopener\">MAVERICKS INTERNATIONAL SCHOOL</a></p>\r\n<p>&nbsp;</p>\r\n<p>&nbsp;</p>\r\n<p>&nbsp;</p>\r\n<p>&nbsp;</p>\r\n<p>&nbsp;</p>\r\n<p>The launch of Safwa Urban Development &ndash; SUD latest and fifth project in the new administrative capital, &rdquo; Financial HUB &rdquo; the only approved design in the heart of the financial and business district in the newcapital, the project is built on an area of ​​6000 m ,The building features a direct back view of a central public park with an area of ​​24000 square meters.&nbsp;&nbsp;Financial HUB is located in the financial and business district on the main street next to Al Massa Hotel with a width of 94 m, Next to the ministries, one minute from the Ministry of Finance, the Cabinet, the new Parliament, the Central Bank building and the Governor&rsquo;s Palace.</p>\r\n<p><strong>Project facilities: &ndash;</strong></p>\r\n<p>&ndash; Business Center (more than 4 meeting rooms)</p>\r\n<p>&ndash; Power Saving (solar energy)</p>\r\n<p>&ndash; Parking (more than 200 plots)</p>\r\n<p>&ndash; Fitness Center</p>\r\n<p>&ndash; Triple Services (data &ndash;audio-video)</p>\r\n<p>&ndash; Smart App</p>\r\n<p>&ndash; Valet</p>\r\n<p>&ndash; Concierge</p>\r\n<p>&ndash; Panorama Elevators</p>\r\n<p>&ndash; Loading Elevator</p>\r\n<p>&ndash; Fire Alarm</p>\r\n<p>&ndash; Security System</p>\r\n<p>&ndash; Fully Finished Offices</p>\r\n<p>&nbsp;</p>\r\n<p>&nbsp;</p>\r\n<p>&nbsp;</p>\r\n<p>&nbsp;</p>\r\n<p class=\"ql-align-right\">&nbsp;</p>\r\n<p class=\"ql-align-right\">المساحة= ٦٠٠٠ متر</p>\r\n<p class=\"ql-align-right\">&nbsp;</p>\r\n<p class=\"ql-align-right\">عدد الأدوار=٢ بدروم+ارضي+٦</p>\r\n<p class=\"ql-align-right\">&nbsp;</p>\r\n<p class=\"ql-align-right\">التشطيب (تشطيب كامل في الإداري وطوب احمر للتجاري</p>\r\n<p class=\"ql-align-right\">&nbsp;</p>\r\n<p class=\"ql-align-right\">المساحات (مساحة التجاري الارضي من 57 متر الى 162 متر</p>\r\n<p class=\"ql-align-right\">الدور الاول من 37 متر الى 83 متر</p>\r\n<p class=\"ql-align-right\">الاداري من 50 متر الى 1000 متر)</p>\r\n<p class=\"ql-align-right\">&nbsp;</p>\r\n<p class=\"ql-align-right\">&nbsp;</p>\r\n<p class=\"ql-align-right\">سعر المتر (الارضي من 120000 الى 180000 جنيه</p>\r\n<p class=\"ql-align-right\">الاول 180000جنيه</p>\r\n<p class=\"ql-align-right\">الاداري من 45000 الى 55000 جنيه)</p>\r\n<p class=\"ql-align-right\">&nbsp;</p>\r\n<p class=\"ql-align-right\">&nbsp;</p>\r\n<p class=\"ql-align-right\">الأسعار (الارضي من 7410000 جنيه</p>\r\n<p class=\"ql-align-right\">الاول من 666000</p>\r\n<p class=\"ql-align-right\">الاداري من 2525000)</p>\r\n<p class=\"ql-align-right\">&nbsp;</p>\r\n<p class=\"ql-align-right\">&nbsp;</p>\r\n<p class=\"ql-align-right\">طرق السداد (10 % مقدم و 12قسط *4% و و المتبقي على 16 قسط)</p>\r\n<p class=\"ql-align-right\">&nbsp;</p>\r\n<p class=\"ql-align-right\">&nbsp;</p>\r\n<p class=\"ql-align-right\">وديعة الصيانة =&nbsp;10% عند الاستلام</p>\r\n<p class=\"ql-align-right\">&nbsp;</p>\r\n<p class=\"ql-align-right\">الاستلام&nbsp;&nbsp;يونيه 2022</p>\r\n<p>&nbsp;</p>\r\n<p>&nbsp;</p>\r\n<p>&nbsp;</p>\r\n<p class=\"ql-align-right\">Financial HUB الحي المالي</p>\r\n<p class=\"ql-align-right\">&nbsp;</p>\r\n<p class=\"ql-align-right\">مكتب اداري مساحة : 45.5م صاافي&nbsp;</p>\r\n<p class=\"ql-align-right\">السعر : 2,502,500&nbsp;</p>\r\n<p class=\"ql-align-right\">مقدم 10% وعلى 7 سنوات</p>', 'ساره احمد', NULL, 'SUD', 17, 'ar', '2020-10-25 19:27:45', '2020-10-25 19:27:45'),
(33, 'Green Avenue', NULL, '<h3>Brief About New Capital</h3>\r\n<p>The location of&nbsp;<a href=\"https://en.wikipedia.org/wiki/New_Administrative_Capital_of_Egypt\" target=\"_blank\" rel=\"noopener\">the new administrative capital</a>&nbsp;is located on the borders of the city of Badr in the area</p>\r\n<p>between Suez Road and Ain Sokhna road east of the regional ring road,</p>\r\n<p>after New Cairo and the cities of the cities and the future city and the city of Sunrise and Fifth Avenue and away from Ain Sokhna about 60 km and also 60 km The heart of the Greater Cairo Governorate.</p>\r\n<p>The administrative capital area is about 170 thousand acres.</p>\r\n<p>&nbsp;</p>\r\n<h3>Brief About New Jersey</h3>\r\n<p>A well-known company was chosen to undertake the construction of this edifice after</p>\r\n<p>its overwhelming success in many construction and real estate marketing businesses,</p>\r\n<p>a pioneering company in the field of building and construction.</p>\r\n<p>New Jersey Real Estate Development Company is the most famous in the entire Arab world</p>\r\n<p>and indeed all over the world.</p>\r\n<p>&nbsp;</p>\r\n<p>&nbsp;</p>\r\n<p>Previous projects:</p>\r\n<p>1-L&rsquo;amour mini compound (al shrouk)</p>\r\n<p>2- future mall 1 (al shrouk)</p>\r\n<p>3- future mall 2 (al shrouk)</p>\r\n<p>4- future plaza (al shrouk)</p>\r\n<p>5- 90 residential building (al shrouk)</p>\r\n<p>6- 70 residential villas (al shrouk)</p>\r\n<p>7- medical center (al shrouk)</p>\r\n<p>8- new Heliopolis compound (new Heliopolis)</p>\r\n<p>9- future mall (badr city)</p>\r\n<p>10- L&rsquo;amour mini compound (new cairo)</p>\r\n<p>11-L&rsquo;amour al- andalus mini compound (new cairo)</p>\r\n<p>&nbsp;</p>\r\n<p>&nbsp;</p>\r\n<h3>New Jersey Development Company</h3>\r\n<p>New Jersey Development Company includes the best and most famous engineers in engineering design.</p>\r\n<p>The village of Green Avenue, the new administrative capital, has been built by a large elite of engineers, technicians,</p>\r\n<p>and workers with the most accurate and flexible work.</p>\r\n<p>The latest construction equipment and tools in the world.</p>\r\n<p>The building materials used on the Green Avenue site are the new, high-quality administrative capital.</p>\r\n<p>&nbsp;</p>\r\n<h3>Location &amp; Area Of Green Avenue</h3>\r\n<p>Our new project exists in R7 in the new capital near the diplomatic district, near BUE, the exhibition ground, the embassy district and also near the Green River</p>\r\n<p>Green Avenue is held on 11.5 acre</p>\r\n<p>The area divided Between residential, commercial &amp; green area</p>\r\n<p>20% of the project ( Buildings )</p>\r\n<p>&nbsp;</p>\r\n<h3>Facilities</h3>\r\n<ul>\r\n<li>Swimming Pool</li>\r\n<li>Kids Area</li>\r\n<li>Commercial Area</li>\r\n<li>Healthy Club</li>\r\n<li>Restaurants &amp; Cafes</li>\r\n<li>Track</li>\r\n<li>Security 24\\7</li>\r\n</ul>\r\n<p>&nbsp;</p>\r\n<p>&nbsp;</p>\r\n<p class=\"ql-align-right\">&nbsp;</p>\r\n<p class=\"ql-align-right\">&bull;جرين أفينيو-العاصمة الإدارية الجديدة</p>\r\n<p class=\"ql-align-right\">&nbsp;</p>\r\n<p class=\"ql-align-right\">&nbsp;&nbsp;-خبرة فى المجال العقارى لاكثر من 18سنة</p>\r\n<p class=\"ql-align-right\">&nbsp;</p>\r\n<p class=\"ql-align-right\">- أرض مميزة ، نسبة البناء 18.5%،على السيتى واك ، فرع من افرع النهر الاخضر</p>\r\n<p class=\"ql-align-right\">&nbsp;</p>\r\n<p class=\"ql-align-right\">&nbsp;- بمنطقة R7&nbsp;امام اكبر جامعة انترناشيونال بالعاصمة الادارية مما يضمن لك اقصى معدلات الاستثمار.</p>\r\n<p class=\"ql-align-right\">&nbsp;</p>\r\n<p class=\"ql-align-right\">-</p>\r\n<p class=\"ql-align-right\">يمكن اضافة حمامات سباحة خاصة في بعض الواحدات بناءً على طلب العميل</p>\r\n<p class=\"ql-align-right\">&nbsp;</p>\r\n<p class=\"ql-align-right\">&nbsp;- مساحة المشروع 11.6 فدان مساحة كافية لضمان الخصوصية. كما يقع المشروع علي ٢ شوارع رئيسية و ممشى City Walk.</p>\r\n<p class=\"ql-align-right\">&nbsp;</p>\r\n<p class=\"ql-align-right\">- يحتوي المشروع عن نادي صحي خاص لسكان جرين أفنيو.</p>\r\n<p class=\"ql-align-right\">&nbsp;</p>\r\n<p class=\"ql-align-right\">- مساحات تجارية مليئة بالعلامات التجارية العالمية خارج المشروع</p>\r\n<p class=\"ql-align-right\">&nbsp;</p>\r\n<p class=\"ql-align-right\">- جراج خاص أسفل كل عقار.</p>\r\n<p class=\"ql-align-right\">&nbsp;</p>\r\n<p class=\"ql-align-right\">- أكثر من 78% مناطق خضراء و حمامات سباحة.</p>\r\n<p class=\"ql-align-right\">&nbsp;</p>\r\n<p class=\"ql-align-right\">- يحتوي المشروع على 384 وحدة فقط.</p>\r\n<p class=\"ql-align-right\">&nbsp;</p>\r\n<p class=\"ql-align-right\">- 2 حمام سباحة.</p>\r\n<p class=\"ql-align-right\">&nbsp;</p>\r\n<p class=\"ql-align-right\">- نافورة راقصة.</p>\r\n<p class=\"ql-align-right\">&nbsp;</p>\r\n<p class=\"ql-align-right\">- منطقة خاصة للأطفال.</p>\r\n<p class=\"ql-align-right\">&nbsp;</p>\r\n<p class=\"ql-align-right\">&nbsp;</p>\r\n<p>availability:</p>\r\n<p>(172-328)</p>\r\n<p>&nbsp;</p>\r\n<h3>Payment Plan</h3>\r\n<ul>\r\n<li>10% down payment &amp; installments up to 7 years without interest</li>\r\n<li>15% down payment &amp; installments up to 8 years without interest</li>\r\n<li>20% down payment &amp; installments up to 8 years without interest</li>\r\n</ul>\r\n<p>&nbsp;</p>\r\n<p>&nbsp;</p>\r\n<p>&nbsp;</p>\r\n<p>-316m</p>\r\n<p>&nbsp;</p>\r\n<p>price before discount= 4,214,000</p>\r\n<p>price after discount= 3,581,900</p>\r\n<p>&nbsp;</p>\r\n<p>DP(20%)= 716,380</p>\r\n<p>equal installment over 9 years= 79,598 / qaurtely</p>\r\n<p>&nbsp;</p>', 'sherif el mogy', NULL, 'New Jersey', 18, 'en', '2020-10-25 19:32:33', '2020-10-25 19:32:33'),
(34, 'جرين افيني', NULL, '<h3>Brief About New Capital</h3>\r\n<p>The location of&nbsp;<a href=\"https://en.wikipedia.org/wiki/New_Administrative_Capital_of_Egypt\" target=\"_blank\" rel=\"noopener\">the new administrative capital</a>&nbsp;is located on the borders of the city of Badr in the area</p>\r\n<p>between Suez Road and Ain Sokhna road east of the regional ring road,</p>\r\n<p>after New Cairo and the cities of the cities and the future city and the city of Sunrise and Fifth Avenue and away from Ain Sokhna about 60 km and also 60 km The heart of the Greater Cairo Governorate.</p>\r\n<p>The administrative capital area is about 170 thousand acres.</p>\r\n<p>&nbsp;</p>\r\n<h3>Brief About New Jersey</h3>\r\n<p>A well-known company was chosen to undertake the construction of this edifice after</p>\r\n<p>its overwhelming success in many construction and real estate marketing businesses,</p>\r\n<p>a pioneering company in the field of building and construction.</p>\r\n<p>New Jersey Real Estate Development Company is the most famous in the entire Arab world</p>\r\n<p>and indeed all over the world.</p>\r\n<p>&nbsp;</p>\r\n<p>&nbsp;</p>\r\n<p>Previous projects:</p>\r\n<p>1-L&rsquo;amour mini compound (al shrouk)</p>\r\n<p>2- future mall 1 (al shrouk)</p>\r\n<p>3- future mall 2 (al shrouk)</p>\r\n<p>4- future plaza (al shrouk)</p>\r\n<p>5- 90 residential building (al shrouk)</p>\r\n<p>6- 70 residential villas (al shrouk)</p>\r\n<p>7- medical center (al shrouk)</p>\r\n<p>8- new Heliopolis compound (new Heliopolis)</p>\r\n<p>9- future mall (badr city)</p>\r\n<p>10- L&rsquo;amour mini compound (new cairo)</p>\r\n<p>11-L&rsquo;amour al- andalus mini compound (new cairo)</p>\r\n<p>&nbsp;</p>\r\n<p>&nbsp;</p>\r\n<h3>New Jersey Development Company</h3>\r\n<p>New Jersey Development Company includes the best and most famous engineers in engineering design.</p>\r\n<p>The village of Green Avenue, the new administrative capital, has been built by a large elite of engineers, technicians,</p>\r\n<p>and workers with the most accurate and flexible work.</p>\r\n<p>The latest construction equipment and tools in the world.</p>\r\n<p>The building materials used on the Green Avenue site are the new, high-quality administrative capital.</p>\r\n<p>&nbsp;</p>\r\n<h3>Location &amp; Area Of Green Avenue</h3>\r\n<p>Our new project exists in R7 in the new capital near the diplomatic district, near BUE, the exhibition ground, the embassy district and also near the Green River</p>\r\n<p>Green Avenue is held on 11.5 acre</p>\r\n<p>The area divided Between residential, commercial &amp; green area</p>\r\n<p>20% of the project ( Buildings )</p>\r\n<p>&nbsp;</p>\r\n<h3>Facilities</h3>\r\n<ul>\r\n<li>Swimming Pool</li>\r\n<li>Kids Area</li>\r\n<li>Commercial Area</li>\r\n<li>Healthy Club</li>\r\n<li>Restaurants &amp; Cafes</li>\r\n<li>Track</li>\r\n<li>Security 24\\7</li>\r\n</ul>\r\n<p>&nbsp;</p>\r\n<p>&nbsp;</p>\r\n<p class=\"ql-align-right\">&nbsp;</p>\r\n<p class=\"ql-align-right\">&bull;جرين أفينيو-العاصمة الإدارية الجديدة</p>\r\n<p class=\"ql-align-right\">&nbsp;</p>\r\n<p class=\"ql-align-right\">&nbsp;&nbsp;-خبرة فى المجال العقارى لاكثر من 18سنة</p>\r\n<p class=\"ql-align-right\">&nbsp;</p>\r\n<p class=\"ql-align-right\">- أرض مميزة ، نسبة البناء 18.5%،على السيتى واك ، فرع من افرع النهر الاخضر</p>\r\n<p class=\"ql-align-right\">&nbsp;</p>\r\n<p class=\"ql-align-right\">&nbsp;- بمنطقة R7&nbsp;امام اكبر جامعة انترناشيونال بالعاصمة الادارية مما يضمن لك اقصى معدلات الاستثمار.</p>\r\n<p class=\"ql-align-right\">&nbsp;</p>\r\n<p class=\"ql-align-right\">-</p>\r\n<p class=\"ql-align-right\">يمكن اضافة حمامات سباحة خاصة في بعض الواحدات بناءً على طلب العميل</p>\r\n<p class=\"ql-align-right\">&nbsp;</p>\r\n<p class=\"ql-align-right\">&nbsp;- مساحة المشروع 11.6 فدان مساحة كافية لضمان الخصوصية. كما يقع المشروع علي ٢ شوارع رئيسية و ممشى City Walk.</p>\r\n<p class=\"ql-align-right\">&nbsp;</p>\r\n<p class=\"ql-align-right\">- يحتوي المشروع عن نادي صحي خاص لسكان جرين أفنيو.</p>\r\n<p class=\"ql-align-right\">&nbsp;</p>\r\n<p class=\"ql-align-right\">- مساحات تجارية مليئة بالعلامات التجارية العالمية خارج المشروع</p>\r\n<p class=\"ql-align-right\">&nbsp;</p>\r\n<p class=\"ql-align-right\">- جراج خاص أسفل كل عقار.</p>\r\n<p class=\"ql-align-right\">&nbsp;</p>\r\n<p class=\"ql-align-right\">- أكثر من 78% مناطق خضراء و حمامات سباحة.</p>\r\n<p class=\"ql-align-right\">&nbsp;</p>\r\n<p class=\"ql-align-right\">- يحتوي المشروع على 384 وحدة فقط.</p>\r\n<p class=\"ql-align-right\">&nbsp;</p>\r\n<p class=\"ql-align-right\">- 2 حمام سباحة.</p>\r\n<p class=\"ql-align-right\">&nbsp;</p>\r\n<p class=\"ql-align-right\">- نافورة راقصة.</p>\r\n<p class=\"ql-align-right\">&nbsp;</p>\r\n<p class=\"ql-align-right\">- منطقة خاصة للأطفال.</p>\r\n<p class=\"ql-align-right\">&nbsp;</p>\r\n<p class=\"ql-align-right\">&nbsp;</p>\r\n<p>availability:</p>\r\n<p>(172-328)</p>\r\n<p>&nbsp;</p>\r\n<h3>Payment Plan</h3>\r\n<ul>\r\n<li>10% down payment &amp; installments up to 7 years without interest</li>\r\n<li>15% down payment &amp; installments up to 8 years without interest</li>\r\n<li>20% down payment &amp; installments up to 8 years without interest</li>\r\n</ul>\r\n<p>&nbsp;</p>\r\n<p>&nbsp;</p>\r\n<p>&nbsp;</p>\r\n<p>-316m</p>\r\n<p>&nbsp;</p>\r\n<p>price before discount= 4,214,000</p>\r\n<p>price after discount= 3,581,900</p>\r\n<p>&nbsp;</p>\r\n<p>DP(20%)= 716,380</p>\r\n<p>equal installment over 9 years= 79,598 / qaurtely</p>\r\n<p>&nbsp;</p>', 'شريف الموجي', NULL, 'نيو جيرسي', 18, 'ar', '2020-10-25 19:32:33', '2020-10-25 19:32:33'),
(37, 'I BUSINESS PARK', NULL, '<p style=\"margin: 0in; margin-bottom: .0001pt;\"><span style=\"font-size: 10pt;\"><strong><span style=\"font-family: \'arial black\', sans-serif;\"><u>BRIEF ABOUT THE NEW ADMINISTRATIVE CAPITAL</u></span></strong></span></p>\r\n<p style=\"margin: 0in; margin-bottom: .0001pt;\"><span style=\"font-size: 10pt;\"><strong><span style=\"font-family: \'arial black\', sans-serif;\">The location of the new administrative capital is located on the borders of the city of Badr in the area</span></strong></span></p>\r\n<p style=\"margin: 0in; margin-bottom: .0001pt;\"><span style=\"font-size: 10pt;\"><strong><span style=\"font-family: \'arial black\', sans-serif;\">Between Suez Road and Ain Sokhna road east of the regional ring road,</span></strong></span></p>\r\n<p style=\"margin: 0in; margin-bottom: .0001pt;\"><span style=\"font-size: 10pt;\"><strong><span style=\"font-family: \'arial black\', sans-serif;\">after New Cairo and the cities of the cities and the future city and the city of Sunrise and Fifth Avenue and away from Ain Sokhna about 60 km and also 60 km The heart of the Greater Cairo Governorate.</span></strong></span></p>\r\n<p style=\"margin: 0in; margin-bottom: .0001pt;\"><span style=\"font-size: 10pt;\"><strong><span style=\"font-family: \'arial black\', sans-serif;\">The administrative capital area is about 170 thousand acres.</span></strong></span></p>\r\n<p style=\"margin: 0in; margin-bottom: .0001pt;\"><span style=\"font-size: 10pt;\"><strong><span style=\"font-family: \'arial black\', sans-serif;\">&nbsp;</span></strong></span></p>\r\n<p style=\"margin: 0in; margin-bottom: .0001pt;\"><span style=\"font-size: 10pt;\"><strong><span style=\"font-family: \'arial black\', sans-serif;\"><u>BRIEF ABOUT THE DEVELOPER</u></span></strong></span></p>\r\n<p style=\"margin: 0in; margin-bottom: .0001pt;\"><span style=\"font-size: 10pt;\"><strong><span style=\"font-family: \'arial black\', sans-serif;\">ARQA DEVELOPMENT GROUP (ADG) is an aspiring Real Estate Development Company based in Egypt, with extensive experience across the country and the UAE.</span></strong></span></p>\r\n<p style=\"margin: 0in; margin-bottom: .0001pt;\"><span style=\"font-size: 10pt;\"><strong><span style=\"font-family: \'arial black\', sans-serif;\">ARQA is our name and slogan because it is the Arabic transcription of the world &ldquo;Classiness&rdquo; which is essential to stand out in a market only speaking luxury.</span></strong></span></p>\r\n<p style=\"margin: 0in; margin-bottom: .0001pt;\"><span style=\"font-size: 10pt;\"><strong><span style=\"font-family: \'arial black\', sans-serif;\">At ARQA Development Group, we commit ourselves to classiness in everything we say, do, or create.</span></strong></span></p>\r\n<p style=\"margin: 0in; margin-bottom: .0001pt;\"><span style=\"font-size: 10pt;\"><strong><span style=\"font-family: \'arial black\', sans-serif;\">ADG is dedicated to building world-class multi-use business and residential complexes, backed by a diversified investment portfolio and extensive world-class field experience.</span></strong></span></p>\r\n<p style=\"margin: 0in; margin-bottom: .0001pt;\"><span style=\"font-size: 10pt;\"><strong><span style=\"font-family: \'arial black\', sans-serif;\">Founder&rsquo;s portfolio spans key malls in South 90 Street, Fully functional medical complexes under Pearl Medical Group, in addition to the landscape work of mega government projects in the UAE such as Abu Dhabi Corniche Swimming Beach, Louvre Abu Dhabi Museum, and many more.</span></strong></span></p>\r\n<p style=\"margin: 0in; margin-bottom: .0001pt;\"><span style=\"font-size: 10pt;\"><strong><span style=\"font-family: \'arial black\', sans-serif;\">&nbsp;</span></strong></span></p>\r\n<p style=\"margin: 0in; margin-bottom: .0001pt;\"><span style=\"font-size: 10pt;\"><strong><span style=\"font-family: \'arial black\', sans-serif;\"><u>Project Details:</u></span></strong></span></p>\r\n<p style=\"margin: 0in; margin-bottom: .0001pt;\"><span style=\"font-size: 10pt;\"><strong><span style=\"font-family: \'arial black\', sans-serif;\">Location: Part No. MU3-21</span></strong></span></p>\r\n<p style=\"margin: 0in; margin-bottom: .0001pt;\"><span style=\"font-size: 10pt;\"><strong><span style=\"font-family: \'arial black\', sans-serif;\">Number of floors: ground and 20 floors</span></strong></span></p>\r\n<p style=\"margin: 0in; margin-bottom: .0001pt;\"><span style=\"font-size: 10pt;\"><strong><span style=\"font-family: \'arial black\', sans-serif;\">Download rate: from 28% to 30%</span></strong></span></p>\r\n<p style=\"margin: 0in; margin-bottom: .0001pt;\"><span style=\"font-size: 10pt;\"><strong><span style=\"font-family: \'arial black\', sans-serif;\">Maintenance: 10%</span></strong></span></p>\r\n<p style=\"margin: 0in; margin-bottom: .0001pt;\"><span style=\"font-size: 10pt;\"><strong><span style=\"font-family: \'arial black\', sans-serif;\">&nbsp;</span></strong></span></p>\r\n<p style=\"margin: 0in; margin-bottom: .0001pt;\"><span style=\"font-size: 10pt;\"><strong><span style=\"font-family: \'arial black\', sans-serif;\"><u>Prices &amp; Available Areas:</u></span></strong></span></p>\r\n<p style=\"margin: 0in; margin-bottom: .0001pt;\"><strong><span style=\"font-family: \'arial black\', sans-serif;\"><span style=\"font-size: 10.0pt;\">Admin: </span><span style=\"font-size: 10.0pt;\"><br /> TOWER B<br /> Admin from 5Th floor to 15th floor <br /> 70m2 from 5th floor 49 Thousands<br /> 85m2 floor 6th starts 47&nbsp;Thousands</span></span></strong></p>\r\n<p style=\"margin: 0in; margin-bottom: .0001pt;\"><strong><span style=\"font-family: \'arial black\', sans-serif;\"><span style=\"font-size: 10.0pt;\">Tower C&nbsp;</span></span></strong></p>\r\n<p style=\"margin: 0in; margin-bottom: .0001pt;\"><strong><span style=\"font-family: \'arial black\', sans-serif;\"><span style=\"font-size: 10.0pt;\"> Admin from 11th floor to 15th floor</span></span></strong></p>\r\n<p style=\"margin: 0in; margin-bottom: .0001pt;\"><strong><span style=\"font-family: \'arial black\', sans-serif;\"><span style=\"font-size: 10.0pt;\">70m2 from 11th floor 48&nbsp;Thousands</span><span style=\"font-size: 10.0pt;\"><br /> 131m2 from 11th floor 49&nbsp;Thousands</span></span></strong></p>\r\n<p style=\"margin: 0in; margin-bottom: .0001pt;\"><span style=\"font-size: 10pt;\"><strong><span style=\"font-family: \'arial black\', sans-serif;\">&nbsp;</span></strong></span></p>\r\n<p style=\"margin: 0in; margin-bottom: .0001pt;\"><strong><span style=\"font-family: \'arial black\', sans-serif;\"><span style=\"font-size: 10.0pt;\">Clinics: </span><span style=\"font-size: 10.0pt;\"><br /> TOWER C<br /> From 5th floor to 10th<br /> 70m2 from 46&nbsp;Thousands&nbsp;<br /> 138m2 from 20&nbsp;Thousands<br /> 152.6m2 from 42&nbsp;Thousands</span></span></strong></p>\r\n<p style=\"margin: 0in; margin-bottom: .0001pt;\"><span style=\"font-size: 10pt;\"><strong><span style=\"font-family: \'arial black\', sans-serif;\">&nbsp;</span></strong></span></p>\r\n<p style=\"margin: 0in; margin-bottom: .0001pt;\"><span style=\"font-size: 10pt;\"><strong><span style=\"font-family: \'arial black\', sans-serif;\">Commercial:</span></strong></span></p>\r\n<p style=\"margin: 0in; margin-bottom: .0001pt;\"><span style=\"font-size: 10pt;\"><strong><span style=\"font-family: \'arial black\', sans-serif;\">Ground 47.5m starts from 176&nbsp;Thousands</span></strong></span></p>\r\n<p style=\"margin: 0in; margin-bottom: .0001pt;\"><span style=\"font-size: 10pt;\"><strong><span style=\"font-family: \'arial black\', sans-serif;\">First 33.6m starts from 170&nbsp;Thousands</span></strong></span></p>\r\n<p style=\"margin: 0in; margin-bottom: .0001pt;\"><span style=\"font-size: 10pt;\"><strong><span style=\"font-family: \'arial black\', sans-serif;\">&nbsp;</span></strong></span></p>\r\n<p style=\"margin: 0in; margin-bottom: .0001pt;\"><span style=\"font-size: 10pt;\"><strong><span style=\"font-family: \'arial black\', sans-serif;\"><u>Payment Options:</u></span></strong></span></p>\r\n<p style=\"margin: 0in; margin-bottom: .0001pt;\"><span style=\"font-size: 10pt;\"><strong><span style=\"font-family: \'arial black\', sans-serif;\">10% down payment - 7 years installment </span></strong></span></p>\r\n<p style=\"margin: 0in; margin-bottom: .0001pt;\"><span style=\"font-size: 10pt;\"><strong><span style=\"font-family: \'arial black\', sans-serif;\">20% down payment - 8 years installment </span></strong></span></p>\r\n<p style=\"margin: 0in; margin-bottom: .0001pt;\"><span style=\"font-size: 10pt;\"><strong><span style=\"font-family: \'arial black\', sans-serif;\">30% down payment - 10 years installment</span></strong></span></p>\r\n<p style=\"margin: 0in; margin-bottom: .0001pt;\"><span style=\"font-size: 10pt;\"><strong><span style=\"font-family: \'arial black\', sans-serif;\">&nbsp;</span></strong></span></p>\r\n<p style=\"margin: 0in; margin-bottom: .0001pt;\"><span style=\"font-size: 10pt;\"><strong><span style=\"font-family: \'arial black\', sans-serif;\"><u>Services:</u></span></strong></span></p>\r\n<p style=\"margin: 0in; margin-bottom: .0001pt;\"><span style=\"font-size: 10pt;\"><strong><span style=\"font-family: \'arial black\', sans-serif;\">Customer service specific to the project</span></strong></span></p>\r\n<p style=\"margin: 0in; margin-bottom: .0001pt;\"><span style=\"font-size: 10pt;\"><strong><span style=\"font-family: \'arial black\', sans-serif;\">Firefighting system</span></strong></span></p>\r\n<p style=\"margin: 0in; margin-bottom: .0001pt;\"><span style=\"font-size: 10pt;\"><strong><span style=\"font-family: \'arial black\', sans-serif;\">A specialized management company</span></strong></span></p>\r\n<p style=\"margin: 0in; margin-bottom: .0001pt;\"><span style=\"font-size: 10pt;\"><strong><span style=\"font-family: \'arial black\', sans-serif;\">Movable seats for people with special needs</span></strong></span></p>\r\n<p style=\"margin: 0in; margin-bottom: .0001pt;\"><span style=\"font-size: 10pt;\"><strong><span style=\"font-family: \'arial black\', sans-serif;\">Children\'s area</span></strong></span></p>\r\n<p style=\"margin: 0in; margin-bottom: .0001pt;\"><span style=\"font-size: 10pt;\"><strong><span style=\"font-family: \'arial black\', sans-serif;\">Solar energy systems</span></strong></span></p>\r\n<p style=\"margin: 0in; margin-bottom: .0001pt;\"><span style=\"font-size: 10pt;\"><strong><span style=\"font-family: \'arial black\', sans-serif;\">Electronic portals</span></strong></span></p>\r\n<p>&nbsp;</p>', NULL, NULL, 'ARQA', 20, 'en', '2021-01-05 22:15:15', '2021-01-21 21:35:46'),
(38, 'I BUSINESS PARK', NULL, '<pre id=\"tw-target-text\" class=\"tw-data-text tw-text-large XcVN5d tw-ta\" dir=\"rtl\" data-placeholder=\"Translation\"><strong><span style=\"font-family: \'arial black\', sans-serif;\"><span lang=\"ar\"><span style=\"text-decoration: underline; font-size: 12pt;\">نبذة عن العاصمة الإدارية الجديدة</span>\r\nموقع العاصمة الادارية الجديدة يقع على حدود مدينة بدر بالمنطقة\r\nبين طريق السويس وطريق العين السخنة شرق الطريق الدائري الإقليمي ،\r\nبعد القاهرة الجديدة ومدن مدن ومدينة المستقبل ومدينة الشروق والتجمع الخامس ويبعد عن العين السخنة بحوالي 60 كم وأيضاً 60 كم قلب محافظة القاهرة الكبرى.\r\nمساحة العاصمة الإدارية حوالي 170 ألف فدان.\r\n\r\n<span style=\"text-decoration: underline; font-size: 12pt;\">نبذة عن المطور</span>\r\nمجموعة أركا للتنمية (ADG) هي شركة تطوير عقاري طموحة مقرها في مصر ، مع خبرة واسعة في جميع أنحاء البلاد والإمارات العربية المتحدة.\r\nARQA هو اسمنا وشعارنا لأنه النسخ العربي لـ \"الرقي\" العالمي وهو أمر ضروري للتميز في سوق يتحدث فقط عن الرفاهية.\r\nفي ARQA Development Group ، نلتزم بالأناقة في كل ما نقوله أو نفعله أو نبتكره.\r\nADG مكرس لبناء مجمعات تجارية وسكنية عالمية المستوى ، مدعومة بمحفظة استثمارية متنوعة وخبرة ميدانية عالمية واسعة النطاق.\r\nتمتد محفظة المؤسس عبر مراكز التسوق الرئيسية في شارع التسعين الجنوبي ، والمجمعات الطبية كاملة الوظائف التابعة لمجموعة بيرل ميديكال ، بالإضافة إلى أعمال المناظر الطبيعية للمشاريع الحكومية الضخمة في الإمارات العربية المتحدة مثل شاطئ كورنيش أبوظبي للسباحة ، ومتحف اللوفر أبوظبي ، وغيرها الكثير.\r\n\r\n<span style=\"text-decoration: underline; font-size: 12pt;\">تفاصيل المشروع:</span>\r\nالموقع: الجزء رقم MU3-21\r\nعدد الطوابق: ارضي و 20 دور\r\nمعدل التنزيل: من 28٪ إلى 30٪\r\nالصيانة: 10٪\r\n\r\n<span style=\"text-decoration: underline; font-size: 12pt;\">الأسعار والمساحات المتوفرة:</span>\r\n</span></span><span style=\"font-family: \'arial black\', sans-serif;\"><span lang=\"ar\">إداري:\r\n</span></span><span style=\"font-family: \'arial black\', sans-serif;\"><span lang=\"ar\">برج B\r\nالإداري من الطابق الخامس إلى الطابق الخامس عشر\r\n70م من الطابق الخامس 49 الف\r\n85م الدور السادس يبدأ 47 الف\r\n\r\nبرج C\r\nالإداري من الطابق 11 إلى الطابق الخامس عشر\r\n70م من الطابق 11 48 الف\r\n131م من الدور 11 49 الف\r\n\r\nالعيادات:\r\nبرج C\r\nمن الطابق الخامس إلى العاشر\r\n70م من 46 الف\r\n138م من 40 الف\r\n152.6م من 42 الف\r\n\r\nتجاري:\r\nأرضي 47.5م تبدأ من 176 الف\r\nأول 33.6م يبدأ من 170 الف\r\n\r\n\r\n<span style=\"text-decoration: underline; font-size: 12pt;\">خيارات الدفع:\r\n</span>10٪ مقدم - تقسيط 7 سنوات\r\n20٪ مقدم - تقسيط 8 سنوات\r\n30٪ مقدم - 10 سنوات تقسيط\r\n\r\n<span style=\"text-decoration: underline; font-size: 12pt;\">خدمات:\r\n</span>خدمة عملاء خاصة بالمشروع\r\nنظام مكافحة الحرائق\r\nشركة إدارة متخصصة\r\nمقاعد متحركة لذوي الاحتياجات الخاصة\r\nمنطقة للأطفال\r\nأنظمة الطاقة الشمسية\r\nبوابات الكترونية</span></span></strong></pre>', NULL, NULL, 'ARQA', 20, 'ar', '2021-01-05 22:15:15', '2021-01-21 21:35:46'),
(39, 'PYRAMIDS TOWER', NULL, '<p><span style=\"text-decoration: underline;\"><strong>BRIEF ABOUT THE NEW ADMINISTRATIVE CAPITAL</strong></span></p>\r\n<p><strong>The location of the new administrative capital is located on the borders of the city of Badr in the area</strong></p>\r\n<p><strong>Between Suez Road and Ain Sokhna road east of the regional ring road,&nbsp;</strong><strong>after New Cairo and the cities of the cities and the future city and the city of Sunrise and Fifth Avenue and away from Ain Sokhna about 60 km and also 60 km The heart of the Greater Cairo Governorate.&nbsp;</strong><strong>The administrative capital area is about 170 thousand acres</strong></p>\r\n<p>&nbsp;</p>\r\n<p><span style=\"text-decoration: underline;\"><strong>BRIEF ABOUT THE DEVELOPER</strong></span></p>\r\n<p><strong>PYRAMIDS DEVELOPMENTS is one of the leading companies which working in REAL</strong></p>\r\n<p><strong>ESTATE field in France since 1999 and started to develop its projects in Egypt in 2013.</strong></p>\r\n<p><strong>Caring of all Pyramids company employees in transforming the new ideas and the vision of the board of directors which is built for changing the Egyptian real estate market and raising it to a level that is competitive globally in terms of the possibilities and services provided to all pyramids company projects investors. The selection of all the employees is based on their equipped and the ability to developing and serving all Pyramids company customers in line with the vision of the board of directors.</strong></p>\r\n<p><strong>Pyramids Chooses its First Compound in a prime location in the new administrative capital of Egypt area R7 plot no.N2 with Fully Finished residential units such as (Apartments, Duplex, Penthouses and Studios) with Facilities that help Egyptians to find all their life needs.</strong></p>\r\n<p><strong>&nbsp;</strong></p>\r\n<p><span style=\"text-decoration: underline;\"><strong>Project details</strong></span></p>\r\n<p><strong>Location: Part No. MU03-22</strong></p>\r\n<p><strong>Number of floors: ground and 20 floors</strong></p>\r\n<p><strong>Spaces: commercial from 21m and administrative from 27m</strong></p>\r\n<p><strong>Load Percentage: 30%</strong></p>\r\n<p><strong>Maintenance: 30%</strong></p>\r\n<p>&nbsp;</p>\r\n<p><span style=\"text-decoration: underline;\"><strong>Payment systems</strong></span></p>\r\n<p><strong>5% down payment and 5% after 3 months - installments up to 8 years</strong></p>\r\n<p><strong>10% down payment - and installments up to 10 years</strong></p>\r\n<p><strong>25% immediate downpayment - post-receipt installment</strong></p>\r\n<p><strong>30% down payment - 12% immediate return for 2.5 years and installment after handover</strong></p>\r\n<p><strong>35% down payment - 14% immediate return for 2.5 years and the premium after handover</strong></p>\r\n<p><strong>40% down payment - 16% immediate return for 2.5 years and installment after handover</strong></p>\r\n<p>&nbsp;</p>\r\n<p><strong>The prices</strong></p>\r\n<p><strong>Commercial - from 130 to 200 thousand per meter</strong></p>\r\n<p><strong>Administrative - from 40 to 80 thousand per meter</strong></p>\r\n<p>&nbsp;</p>\r\n<p><strong>Services</strong></p>\r\n<p><strong>Customer service for the project</strong></p>\r\n<p><strong>Fire fighting system</strong></p>\r\n<p><strong>A specialized management company</strong></p>\r\n<p><strong>Movable seats for people with special needs</strong></p>\r\n<p><strong>Children\'s area</strong></p>\r\n<p><strong>Solar energy systems</strong></p>\r\n<p><strong>Electronic portals</strong></p>', NULL, NULL, 'PYRAMIDS', 21, 'en', '2021-01-05 23:56:29', '2021-01-17 17:14:54');
INSERT INTO `project_translations` (`id`, `name`, `subtitle`, `description`, `indirect_sales`, `payment_methods`, `developer_company`, `project_id`, `locale`, `created_at`, `updated_at`) VALUES
(40, 'PYRAMIDS TOWER', NULL, '<p style=\"text-align: right;\"><strong><u><br /> </u><span style=\"font-size: 12pt;\"><u>نبذة عن العاصمة الجديدة</u></span></strong></p>\r\n<p style=\"text-align: right;\"><strong>موقع العاصمة الادارية الجديدة يقع على حدود مدينة بدر بالمنطقة بين طريق السويس وطريق العين السخنة شرق الطريق الدائري الإقليمي ، بعد القاهرة الجديدة ومدن مدن ومدينة المستقبل ومدينة الشروق والتجمع الخامس ويبعد عن العين السخنة بحوالي 60 كم وأيضاً 60 كم قلب محافظة القاهرة الكبرى. مساحة العاصمة الإدارية حوالي 170 ألف فدان</strong></p>\r\n<p style=\"text-align: right;\"><strong>&nbsp;</strong></p>\r\n<p style=\"text-align: right;\"><span style=\"font-size: 12pt;\"><strong><u>نبذة عن المطور</u></strong></span></p>\r\n<p style=\"text-align: right;\"><strong>شركة PYRAMIDS DEVELOPMENTS هي واحدة من الشركات الرائدة التي تعمل في مجال العقارات في فرنسا منذ عام 1999 وبدأت في تطوير مشاريعها في مصر في عام 2013.</strong></p>\r\n<p style=\"text-align: right;\"><strong>رعاية جميع العاملين بشركة بيراميدز في تحويل الأفكار الجديدة ورؤية مجلس الإدارة التي تهدف إلى تغيير سوق العقارات المصري والارتقاء به إلى مستوى تنافسي عالميًا من حيث الإمكانيات والخدمات المقدمة لجميع الأهرامات مستثمرو مشاريع الشركة. يعتمد اختيار جميع الموظفين على تجهيزهم وقدرتهم على تطوير وخدمة جميع عملاء شركة بيراميدز بما يتماشى مع رؤية مجلس الإدارة.</strong></p>\r\n<p style=\"text-align: right;\"><strong>تختار بيراميدز كمبوندها الأول في موقع متميز بالعاصمة الإدارية الجديدة بمصر المنطقة R7 قطعة أرض رقم N2 بوحدات سكنية كاملة التشطيب مثل (شقق ، دوبلكس ، بنتهاوس ، استوديوهات) مع التسهيلات التي تساعد المصريين على إيجاد جميع احتياجات حياتهم.</strong></p>\r\n<p style=\"text-align: right;\"><strong>&nbsp;</strong></p>\r\n<p style=\"text-align: right;\"><span style=\"font-size: 12pt;\"><strong><u>تفاصيل المشروع</u></strong></span></p>\r\n<p style=\"text-align: right;\"><strong>الموقع : القطعه رقم MU03-22</strong></p>\r\n<p style=\"text-align: right;\"><strong>عدد الأدوار: أرضي و 20 دور</strong></p>\r\n<p style=\"text-align: right;\"><strong>المساحات: التجارى من 21م و الإدارى من 27م</strong></p>\r\n<p style=\"text-align: right;\"><strong>نسبه التحميـل: من %30</strong></p>\r\n<p style=\"text-align: right;\"><strong>الصيانه : 30%</strong></p>\r\n<p style=\"text-align: right;\"><strong><u></u>&nbsp;</strong></p>\r\n<p style=\"text-align: right;\"><span style=\"font-size: 16px;\"><strong><u>نظم السداد</u></strong></span></p>\r\n<p style=\"text-align: right;\"><strong>5% مقدم و 5% بعد 3 شهور &ndash; تقسيط حتي 8 سنوات</strong></p>\r\n<p style=\"text-align: right;\"><strong>10% مقدم &ndash; و تقسيط حتي 10 سنوات </strong></p>\r\n<p style=\"text-align: right;\"><strong>25% مقدم فوري &ndash; القسط بعد الإستلام </strong></p>\r\n<p style=\"text-align: right;\"><strong>30% مقدم &ndash; بعائد فوري 12% لمدة 2.5 سنة و القسط بعد الإستلام </strong></p>\r\n<p style=\"text-align: right;\"><strong>35% مقدم &ndash; بعائد فوري 14% لمدة 2.5 سنة و القسط بعد الإستلام </strong></p>\r\n<p style=\"text-align: right;\"><strong>40% مقدم &ndash; بعائد فوري 16% لمدة 2.5 سنة و القسط بعد الإستلام</strong></p>\r\n<p style=\"text-align: right;\">&nbsp;</p>\r\n<p style=\"text-align: right;\"><span style=\"font-size: 12pt;\"><strong>الاسعار</strong></span></p>\r\n<p style=\"text-align: right;\"><strong>تجاري &ndash; من 130 الي 200 الف للمتر</strong></p>\r\n<p style=\"text-align: right;\"><strong>ادارى &ndash; من 40 الي 80 الف للمتر</strong></p>\r\n<p><strong>&nbsp;</strong></p>\r\n<p style=\"text-align: right;\"><span style=\"font-size: 12pt;\"><strong><u>خدمات</u></strong></span></p>\r\n<p style=\"text-align: right;\"><strong>خدمة عملاء خاصة بالمشروع</strong></p>\r\n<p style=\"text-align: right;\"><strong>نظام مكافحة الحرائق</strong></p>\r\n<p style=\"text-align: right;\"><strong>شركة إدارة متخصصة</strong></p>\r\n<p style=\"text-align: right;\"><strong>مقاعد متحركة لذوي الاحتياجات الخاصة</strong></p>\r\n<p style=\"text-align: right;\"><strong>منطقة للأطفال</strong></p>\r\n<p style=\"text-align: right;\"><strong>أنظمة الطاقة الشمسية</strong></p>\r\n<p style=\"text-align: right;\"><strong>بوابات الكترونية</strong></p>', NULL, NULL, 'PYRAMIDS', 21, 'ar', '2021-01-05 23:56:29', '2021-01-17 17:07:05'),
(41, 'OIA TOWER', NULL, '<p><span style=\"text-decoration: underline; font-size: 14pt;\"><strong>BRIEF ABOUT THE NEW ADMINISTRATIVE CAPITAL</strong></span><br />The location of the new administrative capital is located on the borders of the city of Badr in the area between Suez Road and Ain Sokhna road east of the regional ring road, after New Cairo and the cities of the cities and the future city and the city of Sunrise and Fifth Avenue and away from Ain Sokhna about 60 km and also 60 km The heart of the Greater Cairo Governorate.<br />The administrative capital area is about 170 thousand acres</p>\r\n<p><span style=\"text-decoration: underline; font-size: 14pt;\"><strong>BRIEF ABOUT THE DEVELOPER</strong></span><br />Edge Holding was established in 2018 as a result of a mutual fund between Al-Borouj Egypt and El Mashareq KSA. El-Borouj Egypt, is a construction company operating in the local market since 2006 and owned by Egyptian investors with a net worth of more than one billion. El-Mashareq KSA established in the late 70&rsquo;s is a KSA based company with a record in infrastructure contracting and developments, with great achievements in the GCC. Together they will be offering the Egyptian market mega projects by Edge Holding<br />Oia, the New Capital, is one of the latest projects of Edge Holding, as it is the product of a huge Saudi-Egyptian investment fund between the Egyptian Al Burouj Company and the Saudi Al-Mashareq Company. The success of the project was completed by contracting with the &ldquo;SIAC \" company according to principles commensurate with the schedule of the Administrative Capital Company.<br />Siak enjoys a great reputation because of its many previous works inside and outside the Administrative Capital, including:</p>\r\n<p>El Alamein Towers project<br />North Edge Towers<br />Nile Towers Hilton Maadi Corniche<br />San Stefano Grand Plaza Four Seasons Alexandria<br />King Salman University<br />The Polygon Administrative Complex<br />Tower in the financial and business district exceeds 150</p>\r\n<p>In addition to the projects that the state has assigned to it in the Administrative Capital, including:</p>\r\n<p>Ministries and neighborhoods neighborhood.<br />Government district.<br />And other old projects</p>\r\n<p>Where SIAC \'s experience exceeded 34 years, which made it one of the giant companies that always seeks to take into account the most accurate architectural and construction details according to the latest advanced scientific methods, which made the Oia Towers New Capital project one of the oldest projects that took place inside the capital, which witnessed many architectural projects.<br />It designed and implemented the Oia Administrative Towers in a manner consistent with the developments of modern life, as it specializes in the design of giant buildings of high heights.</p>\r\n<p>The consultant engineer for the project, \"Yasser El-Beltagy \", who has a great deal of selling in the Egyptian market, and among his previous works:</p>\r\n<p>Hyde Park.<br />Mao stinky view.</p>\r\n<p><span style=\"text-decoration: underline; font-size: 14pt;\"><strong>BRIEF ABOUT THE PROJECT</strong></span><br />Holding projects of Edge Holding Company, which sought to present a distinctive architectural idea within the Administrative Capital, in the Downtown area around which many strategic areas are concentrated, and close to vital places.<br />The project was designed on an area of 18,000 meters and it consists of two towers each of them consists of 30 floors, and this is the highest height in the capital, it was built on a square plot without any bits or reflections, which helps the appearance and view of your unit on the axial roads that the Downtown enjoy</p>\r\n<p><span style=\"text-decoration: underline; font-size: 14pt;\"><strong>Project Details</strong></span><br />Location: Part No. MU2/23<br />Number of floors: ground and 30 floors<br />Areas: Commercial from 30m, Adminstrative from 52m<br />Load: from 27% to 30%<br />Maintenance: 10%</p>\r\n<p><span style=\"text-decoration: underline; font-size: 14pt;\"><strong>Prices: </strong></span><br />Commercial - from 150 to 235 thousand per meter<br />Medical - from 42 to 60 thousand per meter<br />Administrative - from 42 to 60 thousand per meter</p>\r\n<p><span style=\"text-decoration: underline; font-size: 14pt;\"><strong>Payment system</strong></span><br />10% down payment - 7 years installment<br />20% down payment - 8 years installment<br />30% down payment - 9 years installment</p>\r\n<p><span style=\"text-decoration: underline; font-size: 14pt;\"><strong>Services</strong></span><br />Special entrances for administrative units<br />Electric lifts<br />Park cars<br />Elevators inside<br />Security and guarding throughout the day<br />Restaurants and cafes<br />Green spaces</p>\r\n<p style=\"text-align: right;\">&nbsp;</p>', NULL, NULL, 'EDGE HOLDING', 22, 'en', '2021-01-06 19:00:56', '2021-01-21 21:57:02'),
(42, 'OIA TOWERS', NULL, '<p style=\"text-align: right;\"><span style=\"text-decoration: underline; font-size: 14pt;\"><strong>نبذة عن العاصمة الإدارية الجديدة</strong></span><br />موقع العاصمة الادارية الجديدة يقع على حدود مدينة بدر بالمنطقة<br />بين طريق السويس وطريق العين السخنة شرق الطريق الدائري الإقليمي<br />بعد القاهرة الجديدة ومدن مدن ومدينة المستقبل ومدينة الشروق والتجمع الخامس ويبعد عن العين السخنة بحوالي 60 كم وأيضاً 60 كم قلب محافظة القاهرة الكبرى<br />مساحة العاصمة الإدارية حوالي 170 ألف فدان <br /> <br /><span style=\"text-decoration: underline; font-size: 14pt;\"><strong>نبذة عن المطور</strong></span><br />تأسست شركة إيدج القابضة في عام 2018 نتيجة صندوق مشترك بين البروج مصر والمشارق السعودية. شركة البروج مصر هي شركة إنشاءات تعمل في السوق المحلي منذ عام 2006 ويملكها مستثمرون مصريون بصافي ثروة تزيد عن مليار. تأسست شركة المشرق السعودية في أواخر السبعينيات من القرن الماضي ، وهي شركة مقرها المملكة العربية السعودية ولها سجل في مقاولات وتطوير البنية التحتية ، مع تحقيق إنجازات كبيرة في دول مجلس التعاون الخليجي. سيقدمان معًا مشاريع ضخمة في السوق المصري من قبل شركة إيدج القابضة <br />أويا العاصمة الجديدة هي أحد أحدث مشروعات شركة إيدج القابضة ، حيث أنها نتاج صندوق استثمار سعودي مصري ضخم بين شركة البروج المصرية وشركة المشارق السعودية. اكتمل نجاح المشروع بالتعاقد مع شركة \"سياك\" وفق أسس تتناسب مع الجدول الزمني لشركة العاصمة الإدارية <br /> <br />:تتمتع سياك بسمعة طيبة بسبب أعمالها العديدة السابقة داخل وخارج العاصمة الإدارية ومنها<br />.مشروع ابراج العلمين<br />.ابراج نورث ايدج<br />.أبراج النيل هيلتون كورنيش المعادي<br />.سان ستيفانو جراند بلازا فور سيزونز الإسكندرية<br />.جامعة الملك سلمان<br />.مجمع بوليجون الاداري<br />.يتجاوز البرج في الحي المالي والتجاري 150<br /> <br />:بالإضافة إلى المشاريع التي أسندتها إليها الدولة في العاصمة الإدارية ومنها<br />.حي الوزارات والأحياء<br />.الحي الحكومي<br />.وغيرها من المشاريع القديمة<br />حيث تجاوزت خبرة سياك 34 عامًا ، مما جعلها واحدة من الشركات العملاقة التي تسعى دائمًا إلى مراعاة أدق التفاصيل المعمارية والإنشائية وفقًا لأحدث الأساليب العلمية المتقدمة ، مما جعل مشروع أويا تاورز العاصمة الجديدة أحد أهم أقدم المشاريع التي تمت داخل العاصمة والتي شهدت العديد من المشاريع المعمارية<br />صممت ونفذت أبراج أويا الإدارية بطريقة تتماشى مع تطورات الحياة العصرية ، حيث تختص بتصميم المباني العملاقة ذات الارتفاعات العالية <br />:المهندس الاستشاري للمشروع \"ياسر البلتاجي\" والذي له اقبال كبير على البيع في السوق المصري ، ومن أعماله السابقة<br />.هايد بارك<br />.عرض ماو نتن</p>\r\n<p style=\"text-align: right;\"><span style=\"text-decoration: underline; font-size: 14pt;\"><strong>نبذة عن المشروع</strong></span><br />مشاريع القابضة لشركة إيدج القابضة ، والتي سعت إلى تقديم فكرة معمارية مميزة داخل العاصمة الإدارية ، في منطقة وسط البلد التي تتركز حولها العديد من المناطق الاستراتيجية ، وقريبة من الأماكن الحيوية<br />تم تصميم المشروع على مساحة 18000 متر ويتكون من برجين كل منهما يتكون من 30 طابق وهذا أعلى ارتفاع بالعاصمة فقد تم بناؤه على قطعة أرض مربعة بدون أي بتات أو انعكاسات مما يساعد مظهر وعرض وحدتك على الطرق المحورية التي يتمتع بها وسط المدينة</p>\r\n<p style=\"text-align: right;\"><span style=\"text-decoration: underline; font-size: 14pt;\"><strong>تفاصيل المشروع</strong></span><br />الموقع: رقم الجزء MU2 / 23<br />عدد الطوابق: ارضي و 30 دور<br />المساحات: تجاري من 30 م - إداري من 52 م<br />التحميل: من 27٪ إلى 30٪<br />الصيانة: 10٪</p>\r\n<p style=\"text-align: right;\"><span style=\"text-decoration: underline; font-size: 14pt;\"><strong>الأسعار:</strong></span><br />تجاري - من 150 إلى 235 ألف للمتر<br />طبي - من 42 إلى 60 ألف للمتر<br />إداري - من 42 إلى 60 ألف للمتر</p>\r\n<p style=\"text-align: right;\"><span style=\"text-decoration: underline; font-size: 14pt;\"><strong>نظام الدفع</strong></span><br />10٪ مقدم - تقسيط 7 سنوات<br />20٪ مقدم - تقسيط 8 سنوات<br />30٪ مقدم - 9 سنوات تقسيط</p>\r\n<p style=\"text-align: right;\"><span style=\"text-decoration: underline; font-size: 14pt;\"><strong>خدمات</strong></span><br />مداخل خاصة للوحدات الإدارية<br />مصاعد كهربائية<br />سيارات بارك<br />مصاعد بالداخل<br />أمن وحراسة على مدار اليوم<br />مطاعم وكافيهات<br />المساحات الخضراء</p>', NULL, NULL, 'EDGE HOLDING', 22, 'ar', '2021-01-06 19:00:56', '2021-01-21 21:57:02'),
(43, 'SMART TOWER', NULL, '<p>Smart Towers The New Administrative Capital, the smart tower, the latest projects of <strong>El Capitan Real Estate Company</strong> and the best projects of the New Administrative Capital in the Downtown area with the best designs and the cheapest prices within the Downtown area of ​​the New Capital.<br />Smart Towers the New Administrative Capital is the first commercial towers in the New Administrative Capital with the best modern international designs that make the Smart Towers the New Administrative Capital the destination of the best modern commercial projects in the New Administrative Capital. One of the largest and most prestigious commercial projects in the New Administrative Capital.</p>\r\n<p><span style=\"text-decoration: underline; font-size: 14pt;\"><strong>Real estate developer of Smart Tower project</strong></span><br />The real estate developer, Smart Towers, the new administrative capital, the smart tower mall, is <strong>El Captain Real Estate</strong>, which is one of the leading companies in the field of real estate development.<br />Smart Mall Administrative Capital.<br />Al-Faisy Tower.<br />Promise Tower.<br />Sarah\'s tower.</p>\r\n<p>&nbsp;</p>\r\n<p><span style=\"text-decoration: underline; font-size: 14pt;\"><strong>Smart Tower, the administrative capital</strong></span><br />After the great success achieved by the Captain Real Estate Company in the Smart Mall in the Downtown area, the company decided to start its latest project, Smart Towers, the New Administrative Capital, in the Amiz locations in the Downtown area in front of Al Masa Hotel, with a direct view of the Green River.<br />The Smart Tower project is the cheapest meter price inside the Administrative Capital and the project is characterized by its design and the project includes all administrative, commercial, medical and hotel units, and Smart Towers the Administrative Capital is also characterized by many distinguished services, a great variety of spaces and long-term payment systems.</p>\r\n<p>&nbsp;</p>\r\n<p><span style=\"text-decoration: underline; font-size: 14pt;\"><strong>Smart Tower Administrative Capital location</strong></span><br />Smart Towers, the New Administrative Capital, is located in the most prestigious and distinguished locations in the New Administrative Capital in the Downtown area, which is one of the largest commercial areas in the Administrative Capital. The Downtown area is also distinguished by its proximity to many important areas within the capital. Close to the international universities area and approximately 5 minutes away from the Bin Zayed axis.<br />The Down Town area is also characterized as a large commercial area with many services and in the middle of large residential areas with a large residential density, which makes the Downtown area one of the most distinguished and the largest commercial areas within the New Administrative Capital.</p>\r\n<p>&nbsp;</p>\r\n<p><span style=\"text-decoration: underline; font-size: 14pt;\"><strong>Smart Tower Administrative Capital services</strong></span><br />There is a large medical center that contains all specialties.<br />Internet service<br />Security service, guards and surveillance cameras<br />Land scape<br />Restaurants and cafes.<br />Children\'s entertainment area<br />Green spaces.<br />swimming pool.<br />Industrial lakes.<br />Distinctive restaurants and cafes.<br />All famous international brands and brands.<br />An extensive and distinguished surgeon.<br />Swimming pools, gym and spa.<br />Industrial lakes with a wonderful view.<br />Security at the highest level, and surveillance cameras<br /> </p>\r\n<p><span style=\"text-decoration: underline; font-size: 14pt;\"><strong>Project details</strong></span><br />Location: Part No. 20<br />Number of floors: ground and 10 floors<br />Spaces: commercial from 19m, administrative and medical from 26m<br />Load percentage: from 30% to 40%<br />Maintenance: % 8</p>\r\n<p>&nbsp;</p>\r\n<p><span style=\"text-decoration: underline; font-size: 14pt;\"><strong>Prices: </strong></span><br />Commercial from 55 thousand to 120 thousand<br />Medical from 23 thousand<br />Administrative from 22 thousand</p>\r\n<p>&nbsp;</p>\r\n<p><span style=\"text-decoration: underline; font-size: 14pt;\"><strong>Payment systems:</strong></span></p>\r\n<p><span style=\"font-size: 12pt;\"><strong>Commercial</strong></span><br />0% down payment - 3 years installments<br />10% down payment - 6 years installments<br />15% down payment - 7 years installments<br />20% down payment - 8 years installments<br />25% down payment - 10 years installments<br />Cash offer for Commercial- 40% discount</p>\r\n<p><span style=\"font-size: 12pt;\"><strong>Medical</strong></span><br />20% down payment - 8 years<br />23K (for large areas)<br />24K (for small areas)</p>\r\n<p><span style=\"font-size: 12pt;\"><strong>Administrative</strong></span><br />14 thousand (cash)<br />16 thousand - down payment 25% - 3 years<br />22 thousand - down payment 20% - 8 years</p>', NULL, NULL, 'EL CAPTAIN DEVELOPMENT', 23, 'en', '2021-01-06 22:14:25', '2021-01-21 22:59:03'),
(44, 'SMART TOWER', NULL, '<p style=\"text-align: right;\"><br />سمارت تاورز العاصمة الادارية الجديدة smart tower احدث مشاريع شركة الكابتن العقارية و افضل مشاريع العاصمة الادارية الجديدة فى منطقة الداون تاون بافضل التصاميم وارخص الاسعار داخل منطقة الداون تاون العاصمة الادارية.<br />سمارت تاورز العاصمة الادارية اول ابراج تجارية فى العاصمة الادارية الجديدة بافضل التصاميم العالمية الحديثة والتى تجعل من برج سمارت تاورز العاصمة الادارية وجهة الافضل المشاريع التجارية الحديثة فى العاصمة الادارية الجديدة,كما يتميز مشروع سمارت تاورز العاصمة الادارية بالكثير من الخدمات والمميزات الرائعة التى تجعل من سمارت تاورز احد اكبر وارقى المشاريع التجارية فى العاصمة الادارية الجديدة.</p>\r\n<p style=\"text-align: right;\"><span style=\"text-decoration: underline; font-size: 14pt;\"><strong>المطور العقاري مشروع سمارت تاور</strong></span><br />المطور العقاري سمارت تاورز العاصمة الادارية الجديدة smart tower mall هى شركة الكابتن العقارية وهى من الشركات الرائده فى مجال التطوير العقاري وتتميز شركة الكابتن العقارية بالابداع والرقى والمشروعات المتميزة داخل مصر وتطرح الشركة أفضل الاسعار داخل العاصمة الادارية <br />مول سمارت العاصمة الإدارية.<br />برج الفيزي.<br />برج الوعد.<br />برج سارة.</p>\r\n<p style=\"text-align: right;\">&nbsp;</p>\r\n<p style=\"text-align: right;\"><span style=\"font-size: 14pt;\"><strong><span style=\"text-decoration: underline;\">سمارت تاور العاصمة الادارية</span></strong></span><br />بعد النجاح الكبير الذى حققته شركة الكابتن العقارية فى مول سمارت فى منطقة الداون تاون قررت الشركة بدأ أحدث مشاريعها سمارت تاورز العاصمة الادارية الجديدة smart tower فى اميز المواقع في منطقة الداون تاون امام فندق الماسة بإطلالة مباشرة على النهر الأخضر.<br />ويعد مشروع سمارت تاور ارخص سعر للمتر داخل العاصمة الادارية ويتميز المشروع بتصميمه ويضم المشروع كافة الوحدات إدارية وتجارية وطبية ووحدات فندقية,كما يتميز سمارت تاورز العاصمة الادارية بالكثير من الخدمات المتميزة وتنوع كبير فى المساحات وانظمة سداد طويلة الامد.</p>\r\n<p style=\"text-align: right;\">&nbsp;</p>\r\n<p style=\"text-align: right;\"><span style=\"text-decoration: underline; font-size: 14pt;\"><strong>موقع سمارت تاورز العاصمة الادارية</strong></span><br />يقع سمارت تاورز العاصمة الادارية الجديدة smart tower فى ارقى واميز المواقع فى العاصمة الادارية الجديدة فى منطقة الداون تاون,وهى من أكبر المناطق التجارية فى العاصمة الادارية كما تتميز منطقة الداون تاون بالقرب من الكثير من المناطق الهامة داخل العاصمة فيقع بالقرب من حى الوزارات والحى الحكومي ويقع بالقرب من منطقة الجامعات العالمية ويبعد عن محور بن زايد ب 5 دقائق تقريبا.<br />كما تتميز منطقة الداون تاون بانها منطقة تجارية كبيرة بها العديد من الخدمات كما تتوسط مناطق سكنية كبيرة ذات كثافة سكنية كبيرة,والتى تجعل من منطقة الداون تاون احد اميز واكبر المناطق التجارية داخل العاصمة الادارية الجديدة.</p>\r\n<p style=\"text-align: right;\">&nbsp;</p>\r\n<p style=\"text-align: right;\"><span style=\"text-decoration: underline; font-size: 14pt;\"><strong>خدمات سمارت تاور العاصمة الادارية </strong></span><br />يوجد مركز طبي كبير يحتوي على جميع التخصصات.<br />خدمة انترنت<br />خدمه امن وحراسه وكاميرات مراقبه<br />لاند سكيب<br />مطاعم وكافيهات.<br />منطقة ترفيهيه للأطفال<br />مساحات خضراء.<br />حمامات سباحة.<br />بحيرات صناعية.<br />المطاعم والكافيهات المميزة.<br />جميع الماركات والبراندات العالمية المشهورة.<br />جراح واسع ومميز.<br />حمامات سباحة، بالإضافة إلى جيم وسبا.<br />بحيرات صناعية ذات منظر خلاب.<br />أمن على أعلى مستوى، وكاميرات مراقبة</p>\r\n<p style=\"text-align: right;\">&nbsp;</p>\r\n<p style=\"text-align: right;\"><span style=\"text-decoration: underline; font-size: 14pt;\"><strong>تفاصيل المشروع</strong></span><br />الموقع: القطعه رقم 20<br />عدد الأدوار: أرضي و 10 دور<br />المساحات: تجاري من 19م، إداري و طبي من 26م<br />نسبه التحميـل: من %30 الي %40<br />الصيانه: %8</p>\r\n<p style=\"text-align: right;\">&nbsp;</p>\r\n<p style=\"text-align: right;\"><span style=\"text-decoration: underline; font-size: 14pt;\"><strong>الاسعار:</strong></span><br />تجاري من 55 الف الي 120 الف<br />طبي من 23 الف<br />إداري من 22 الف</p>\r\n<p style=\"text-align: right;\">&nbsp;</p>\r\n<p style=\"text-align: right;\"><span style=\"text-decoration: underline; font-size: 14pt;\"><strong>نظام السداد</strong></span></p>\r\n<p style=\"text-align: right;\"><br /><strong>تجاري</strong><br />0٪ مقدم - 3 سنوات تقسيط <br />10٪ مقدم - 6 سنوات تقسيط <br />15٪ مقدم - 7 سنوات تقسيط <br />20٪ مقدم - 8 سنوات تقسيط <br />25٪ مقدم - 10 سنوات تقسيط<br />عرض الكاش في التجاري خصم 40%</p>\r\n<p style=\"text-align: right;\"><strong>طبي</strong><br />20% مقدم &ndash; 8 سنوات<br />23 الف (للمساحات الكبيرة)<br />24 الف (للمساحات الصغيرة)</p>\r\n<p style=\"text-align: right;\"><br /><strong>إداري</strong><br />14 الف (كاش) <br />16 الف &ndash; مقدم 25% - 3 سنوات<br />22 الف &ndash; مقدم 20% - 8 سنوات</p>', NULL, NULL, 'EL CAPTAIN DEVELOPMENT', 23, 'ar', '2021-01-06 22:14:25', '2021-01-21 22:58:08'),
(45, 'SMART MALL', NULL, '<p><span style=\"font-size: 14pt;\"><strong>Mall Smart new administrative capital</strong></span> - Smart Mall New Capital submitted by Captain Real Estate Development Company one of the largest shopping malls within the new administrative capital in the most important areas in Down Town.</p>\r\n<p>And The Mall of the Smart new administrative capital , Smart Mall New Capital of Ames projects in the administrative capital , specifically in Down Town, an area of central new country in the administrative capital, a very lively area with a lot of services and important areas and is characterized by the project price levels distinctive large investment and return.</p>\r\n<p>&nbsp;</p>\r\n<p><span style=\"text-decoration: underline; font-size: 14pt;\"><strong>About El Capitan Construction</strong></span><br />The real estate developer, Smart Mall, the new administrative capital, is the Captain Company for Real Estate Tourism Development, which is a large pioneer company in the field of real estate development and has many projects in Egypt that are characterized by creativity, renovations and sophistication in international architectural designs.<br />Promise Tower.<br />Al-Faisy Tower.<br />Sarah\'s tower.<br />Al-Mabrouk Tower.<br />Dina golf.<br />Dina Class Tower.<br />Adham.</p>\r\n<p>&nbsp;</p>\r\n<p><span style=\"text-decoration: underline; font-size: 14pt;\"><strong>Smart Mall New Capital</strong></span><br />Smart Mall New Capital is the latest project of the Captain for Real Estate Development, and it is a great opportunity to start your private investment in the New Administrative Capital in one of the most prominent locations in the Downtown area, which is a very vital area, and is characterized by its proximity to high-density residential areas and the project is characterized by its prices Outstanding and great return on investment.</p>\r\n<p>&nbsp;</p>\r\n<p><span style=\"text-decoration: underline; font-size: 14pt;\"><strong>Location of Smart Administrative Capital Mall</strong></span><br />The Smart Mall New Capital is located in a very privileged location in Downtown, where it is located near the Al-Masah Hotel and next to the ministries district and the government district, and the project is also distinguished by its location next to the international universities area and the Monorail station, 5 minutes away from the Green River and Bin Zayed axis, and also distinguished The project is located in the middle of all residential neighborhoods.</p>\r\n<p>&nbsp;</p>\r\n<p><span style=\"text-decoration: underline; font-size: 14pt;\"><strong>Services provided inside the Smart Mall of the Administrative Capital </strong></span><br />Featuring Smart Mall , the new administrative capital , Smart Mall New Capital a lot of premium services , which makes it one of the largest commercial projects within the administrative capital and those services: -<br />Security and guarding.<br />Green spaces.<br />Restaurants and cafes.<br />Sports fields.<br />A car garage.<br />Commercial services area.<br />Kids area.</p>\r\n<p>&nbsp;</p>\r\n<p><span style=\"text-decoration: underline; font-size: 14pt;\"><strong>Project details</strong></span><br />Location: Part No. 8<br />Number of floors: ground and 5floors<br />Spaces: commercial from 19m<br />Load percentage: from 30% To 40%<br />Maintenance: % 8</p>\r\n<p>&nbsp;</p>\r\n<p><span style=\"text-decoration: underline; font-size: 14pt;\"><strong>Prices: </strong></span><br />From 50 thousand to 150 thousand</p>\r\n<p>&nbsp;</p>\r\n<p><span style=\"text-decoration: underline; font-size: 14pt;\"><strong>Payment systems:</strong></span><br />0% down payment - 3 years installments<br />10% down payment - 6 years installments<br />15% down payment - 7 years installments<br />20% down payment - 8 years installments<br />25% down payment - 10 years installments<br />Cash offer for Commercial- 40% discount</p>', NULL, NULL, 'EL CAPTAIN DEVELOPMENT', 24, 'en', '2021-01-10 22:23:46', '2021-01-21 22:35:06'),
(46, 'SMART MALL', NULL, '<p style=\"text-align: right;\">مول سمارت العاصمة الإدارية الجديدة &ndash; <strong>Smart Mall New Capital</strong> مقدم من شركة الكابتن للتطوير العقاري احد اكبر المولات داخل العاصمة الإدارية الجديدة في أهم المناطق فى الداون تاون.<br />و يعد مول سمارت العاصمة الإدارية الجديدة Smart Mall New Capital من اميز المشاريع فى العاصمة الادارية بالتحديد فى الداون تاون ,وهى منطقة وسط البلد الجديدة فى العاصمة الادارية, وهي منطقة حيوية جدا وبها الكثير من الخدمات والمناطق الهامة ويتميز المشروع باسعاره المتميزة والعائد الاستثماري الكبير.<br /> <br /><span style=\"text-decoration: underline; font-size: 14pt;\"><strong>معلومات عن شركة الكابتن للتطوير العقاري El Capitan Construction</strong></span><br />المطور العقاري مول سمارت العاصمة الإدارية الجديدة Smart Mall New Capital هي شركة الكابتن للتنمية السياحية العقارية,وهي شركة كبيرة رائدة في مجال التطوير العقاري ولها العديد من المشروعات بمصر التي تتميز بالابداع والتجديدات والرقي في التصاميم المعمارية العالمية,ومن أهم أعمال شركة الكابتن :-<br />برج الوعد.<br />برج الفيزي.<br />برج سارة.<br />برج المبروك.<br />دينا الجولف.<br />برج دينا كلاس.<br />الأدهم.</p>\r\n<p style=\"text-align: right;\"><br /><span style=\"text-decoration: underline; font-size: 14pt;\"><strong>مول سمارت العاصمة الإدارية Smart Mall New Capital</strong></span><br />مول سمارت العاصمة الادارية الجديدة Smart Mall New Capital هو احدث مشاريع شركة الكابتن للتطوير العقاري ,وهو فرصة عظيمة لبدا أستثمارك الخاص داخل العاصمة الادارية الجديدة في مكان من أميز المواقع بمنطقة الداون تاون وهي منطقة حيوية للغاية, وتتميز بقربها من المناطق السكنيه عالية الكثافة ويتميز المشروع بأسعاره المتميزة والعائد الاستثماري الكبير .<br />موقع مول سمارت العاصمة الإدارية<br />يقع سمارت مول العاصمة الادارية Smart Mall New Capital فى موقع متميز للغاية فى الداون تاون حيث يقع بالقرب من فندق الماسة وبجانب حى الوزارات والحي الحكومي,ويتميز المشروع بوقوعه ايضا بجانب منطقة الجامعات العالمية ومحطة المونوريل ويبعد عن النهر الاخضر ومحور بن زايد ب5 دقائق,وايضا يتميز المشروع بموقعه وسط جميع الأحياء السكنية.<br />الخدمات المقدمة داخل سمارت مول العاصمة الإدارية <br />يتميز سمارت مول العاصمة الادارية الجديدة Smart Mall New Capital بالكثير من الخدمات المتميزة التى تجعله احد اكبر المشاريع التجارية داخل العاصمة الادارية ومن تلك الخدمات :-<br />أمن وحراسة.<br />مساحات خضراء.<br />مطاعم وكافيهات.<br />ملاعب رياضية.<br />جراج خاص بالسيارات.<br />منطقة خدمات تجارية.<br />منطقة مخصصة للأطفال.</p>\r\n<p style=\"text-align: right;\"><br /><span style=\"text-decoration: underline; font-size: 14pt;\"><strong>تفاصيل المشروع</strong></span><br />الموقع : القطعه رقم 8<br />عدد الأدوار: أرضي و 5دور<br />المساحات: تجاري من 19م<br />نسبه التحميـل : من %30 الي %40<br />الصيانه : %8</p>\r\n<p style=\"text-align: right;\"><br /><span style=\"text-decoration: underline; font-size: 14pt;\"><strong>الاسعار:</strong></span><br />&nbsp;من 50 الف الي 150 الف</p>\r\n<p style=\"text-align: right;\"><br /><span style=\"text-decoration: underline; font-size: 14pt;\"><strong>نظام السداد</strong></span><br />0٪ مقدم - 3 سنوات تقسيط <br />10٪ مقدم - 6 سنوات تقسيط <br />15٪ مقدم - 7 سنوات تقسيط <br />20٪ مقدم - 8 سنوات تقسيط <br />25٪ مقدم - 10 سنوات تقسيط<br />عرض الكاش في التجاري خصم 40%</p>\r\n<p style=\"text-align: right;\">&nbsp;</p>', NULL, NULL, 'EL CAPTAIN DEVELOPMENT', 24, 'ar', '2021-01-10 22:23:46', '2021-01-21 22:34:14'),
(49, 'EZDAN MALL', NULL, '<p><span style=\"font-size: 12pt;\"><strong><u>BRIEF ABOUT THE NEW ADMINISTRATIVE CAPITAL</u></strong></span></p>\r\n<p><strong>The location of the new administrative capital is located on the borders of the city of Badr in the area</strong></p>\r\n<p><strong>Between Suez Road and Ain Sokhna road east of the regional ring road,</strong></p>\r\n<p><strong>after New Cairo and the cities of the cities and the future city and the city of Sunrise and Fifth Avenue and away from Ain Sokhna about 60 km and also 60 km The heart of the Greater Cairo Governorate.</strong></p>\r\n<p><strong>The administrative capital area is about 170 thousand acres</strong></p>\r\n<p><strong>&nbsp;</strong></p>\r\n<p><strong><u><span style=\"font-size: 12pt;\">BRIEF ABOUT THE DEVELOPER</span> </u></strong></p>\r\n<p><strong>TAJ MISR is The Real Estate development arm of EICC (The Egyptian International construction Co.) which is one of the most reputed construction companies in Egypt, as well as a number of countries worldwide, running successfully since it was established in 2006</strong></p>\r\n<p><strong>&nbsp;</strong></p>\r\n<p><span style=\"font-size: 12pt;\"><strong><u>BRIEF ABOUT THE PROJECT</u></strong></span></p>\r\n<p><strong>Ezdan Mall New Capital, offers commercial units with areas starting from 28 square meters.</strong></p>\r\n<p><strong>&nbsp;</strong></p>\r\n<p><span style=\"font-size: 12pt;\"><strong><u>Services</u></strong></span></p>\r\n<p><strong>What are Ezdan New Capital Mall Facilities?</strong></p>\r\n<p><strong>Kids Area</strong></p>\r\n<p><strong>Security</strong></p>\r\n<p><strong>Underground parking</strong></p>\r\n<p><strong>CCTV</strong></p>\r\n<p><strong>Skyin Stairs</strong></p>\r\n<p><strong>Brand Wall</strong></p>\r\n<p><strong>Dine Out Cafe</strong></p>\r\n<p><strong>2 Mega 3D Screens</strong></p>\r\n<p><strong>Water Fall Screen (2 meters height)</strong></p>\r\n<p><strong>Pixelated Plaza</strong></p>\r\n<p><strong>Pixelated Water Features</strong></p>\r\n<p><strong>Kids Area</strong></p>\r\n<p><strong>Fun Zone</strong></p>\r\n<p><strong>Dancing Fountain</strong></p>\r\n<p><strong>Fence</strong></p>\r\n<p><strong>&nbsp;</strong></p>\r\n<p><span style=\"font-size: 12pt;\"><strong><u>Project details</u></strong></span></p>\r\n<p><strong>Location: Plot No. 9 and 10</strong></p>\r\n<p><strong>Number of floors: ground and 5 floors</strong></p>\r\n<p><strong>Areas: from 26m</strong></p>\r\n<p><strong>Load percentage: from 30%</strong></p>\r\n<p><strong>Maintenance: 10%</strong></p>\r\n<p><span style=\"text-decoration: underline; font-size: 12pt;\"><strong>Prices:</strong></span></p>\r\n<p><strong>Commercial - From 60 to 170 thousands per meter</strong></p>\r\n<p><span style=\"font-size: 12pt;\"><strong><u>Payment systems</u></strong></span></p>\r\n<p><strong>0% down payment, the rest in 6 years</strong></p>\r\n<p><strong>5% down payment, the rest for 7 years</strong></p>\r\n<p><strong>10% downpayment, 5% payment after one year, 5% payment after the second year, the rest for 8 years</strong></p>\r\n<p><strong>10% downpayment, 10% payment after one year, 10% payment after the second year, the rest over 10 years</strong></p>\r\n<p><strong>2</strong><strong>5% down payment, the rest for 10 years</strong></p>', NULL, NULL, 'TAJ MISR', 26, 'en', '2021-01-11 18:57:08', '2021-01-24 23:18:23'),
(50, 'EZDAN MALL', NULL, '<p style=\"text-align: right;\"><strong><span style=\"font-family: arial, helvetica, sans-serif;\">&nbsp;</span></strong></p>\r\n<p style=\"text-align: right;\"><span style=\"font-size: 12pt;\"><strong><span style=\"text-decoration: underline; font-family: arial, helvetica, sans-serif;\">نبذة عن العاصمة الإدارية الجديدة</span></strong></span></p>\r\n<p style=\"text-align: right;\"><strong><span style=\"font-family: arial, helvetica, sans-serif;\">موقع العاصمة الادارية الجديدة يقع على حدود مدينة بدر بالمنطقة</span></strong></p>\r\n<p style=\"text-align: right;\"><strong><span style=\"font-family: arial, helvetica, sans-serif;\">بين طريق السويس وطريق العين السخنة شرق الطريق الدائري الإقليمي ،</span></strong></p>\r\n<p style=\"text-align: right;\"><strong><span style=\"font-family: arial, helvetica, sans-serif;\">بعد القاهرة الجديدة ومدن مدن ومدينة المستقبل ومدينة الشروق والتجمع الخامس ويبعد عن العين السخنة بحوالي 60 كم وأيضاً 60 كم قلب محافظة القاهرة الكبرى.</span></strong></p>\r\n<p style=\"text-align: right;\"><strong><span style=\"font-family: arial, helvetica, sans-serif;\">مساحة العاصمة الإدارية حوالي 170 ألف فدان</span></strong></p>\r\n<p style=\"text-align: right;\"><strong><span style=\"font-family: arial, helvetica, sans-serif;\">&nbsp;</span></strong></p>\r\n<p style=\"text-align: right;\"><span style=\"font-size: 12pt;\"><strong><span style=\"text-decoration: underline; font-family: arial, helvetica, sans-serif;\">نبذة عن المطور</span></strong></span></p>\r\n<p style=\"text-align: right;\"><strong><span style=\"font-family: arial, helvetica, sans-serif;\">تاج مصر هي ذراع التطوير العقاري لشركة EICC (الشركة المصرية الدولية للإنشاءات) والتي تعد واحدة من أكثر شركات المقاولات شهرة في مصر ، بالإضافة إلى عدد من الدول في جميع أنحاء العالم ، وتعمل بنجاح منذ تأسيسها في عام 2006</span></strong></p>\r\n<p style=\"text-align: right;\"><strong><span style=\"font-family: arial, helvetica, sans-serif;\">&nbsp;</span></strong></p>\r\n<p style=\"text-align: right;\"><span style=\"font-size: 12pt;\"><strong><span style=\"text-decoration: underline; font-family: arial, helvetica, sans-serif;\">نبذة عن المشروع</span></strong></span></p>\r\n<p style=\"text-align: right;\"><strong><span style=\"font-family: arial, helvetica, sans-serif;\">يوفر مول إزدان العاصمة الجديدة وحدات تجارية بمساحات تبدأ من 28 مترًا مربعًا</span></strong></p>\r\n<p style=\"text-align: right;\"><strong><span style=\"font-family: arial, helvetica, sans-serif;\">&nbsp;</span></strong></p>\r\n<p style=\"text-align: right;\"><span style=\"font-size: 12pt;\"><strong><span style=\"text-decoration: underline; font-family: arial, helvetica, sans-serif;\">خدمات</span></strong></span></p>\r\n<p style=\"text-align: right;\"><strong><span style=\"font-family: arial, helvetica, sans-serif;\">ما هي مرافق ازدان العاصمة الادارية الجديدة؟</span></strong></p>\r\n<p style=\"text-align: right;\"><strong><span style=\"font-family: arial, helvetica, sans-serif;\">منطقة الاطفال</span></strong></p>\r\n<p style=\"text-align: right;\"><strong><span style=\"font-family: arial, helvetica, sans-serif;\">الأمان</span></strong></p>\r\n<p style=\"text-align: right;\"><strong><span style=\"font-family: arial, helvetica, sans-serif;\">موقف تحت الارض</span></strong></p>\r\n<p style=\"text-align: right;\"><strong><span style=\"font-family: arial, helvetica, sans-serif;\">CCTV</span></strong></p>\r\n<p style=\"text-align: right;\"><strong><span style=\"font-family: arial, helvetica, sans-serif;\">سكاين سلالم</span></strong></p>\r\n<p style=\"text-align: right;\"><strong><span style=\"font-family: arial, helvetica, sans-serif;\">جدار العلامة التجارية</span></strong></p>\r\n<p style=\"text-align: right;\"><strong><span style=\"font-family: arial, helvetica, sans-serif;\">داين اوت كافيه</span></strong></p>\r\n<p style=\"text-align: right;\"><strong><span style=\"font-family: arial, helvetica, sans-serif;\">2 شاشات ميجا ثلاثية الأبعاد</span></strong></p>\r\n<p style=\"text-align: right;\"><strong><span style=\"font-family: arial, helvetica, sans-serif;\">شاشة سقوط المياه ارتفاع 2 متر</span></strong></p>\r\n<p style=\"text-align: right;\"><strong><span style=\"font-family: arial, helvetica, sans-serif;\">ساحة منقطة</span></strong></p>\r\n<p style=\"text-align: right;\"><strong><span style=\"font-family: arial, helvetica, sans-serif;\">ميزات مائية منقطة</span></strong></p>\r\n<p style=\"text-align: right;\"><strong><span style=\"font-family: arial, helvetica, sans-serif;\">منطقة الاطفال</span></strong></p>\r\n<p style=\"text-align: right;\"><strong><span style=\"font-family: arial, helvetica, sans-serif;\">منطقة المرح</span></strong></p>\r\n<p style=\"text-align: right;\"><strong><span style=\"font-family: arial, helvetica, sans-serif;\">النافورة الراقصة</span></strong></p>\r\n<p style=\"text-align: right;\"><strong><span style=\"font-family: arial, helvetica, sans-serif;\">سور</span></strong></p>\r\n<p style=\"text-align: right;\"><strong><span style=\"font-family: arial, helvetica, sans-serif;\">&nbsp;</span></strong></p>\r\n<p style=\"text-align: right;\"><span style=\"font-size: 12pt;\"><strong><span style=\"font-family: arial, helvetica, sans-serif;\"><u>تفاصيل المشروع</u></span></strong></span></p>\r\n<p style=\"text-align: right;\"><strong><span style=\"font-family: arial, helvetica, sans-serif;\">الموقع : القطعه رقم 9 و 10</span></strong></p>\r\n<p style=\"text-align: right;\"><strong><span style=\"font-family: arial, helvetica, sans-serif;\">عدد الأدوار: أرضي و 5 دور&nbsp;</span></strong></p>\r\n<p style=\"text-align: right;\"><strong><span style=\"font-family: arial, helvetica, sans-serif;\">المساحات: من 26م</span></strong></p>\r\n<p style=\"text-align: right;\"><strong><span style=\"font-family: arial, helvetica, sans-serif;\">نسبه التحميـل : من %30</span></strong></p>\r\n<p style=\"text-align: right;\"><strong><span style=\"font-family: arial, helvetica, sans-serif;\">الصيانه : %10</span></strong></p>\r\n<p style=\"text-align: right;\"><span style=\"text-decoration: underline; font-size: 12pt;\"><strong><span style=\"font-family: arial, helvetica, sans-serif;\">الاسعار:</span></strong></span></p>\r\n<p style=\"text-align: right;\"><strong><span style=\"font-family: arial, helvetica, sans-serif;\">تجاري - من&nbsp; 60 الي 170 الف للمتر</span></strong></p>\r\n<p style=\"text-align: right;\"><span style=\"font-size: 12pt;\"><strong><span style=\"font-family: arial, helvetica, sans-serif;\"><u>نظم السداد</u></span></strong></span></p>\r\n<p style=\"text-align: right;\"><strong><span style=\"font-family: arial, helvetica, sans-serif;\">مقدم 0%, الباقي عي 6 سنوات</span></strong><br /><strong><span style=\"font-family: arial, helvetica, sans-serif;\">مقدم 5%, الباقي عي 7 سنوات</span></strong><br /><strong><span style=\"font-family: arial, helvetica, sans-serif;\">مقدم 10%, دفعة 5% بعد سنه, دفعة 5% بعد تاني سنة الباقي علي 8 سنوات</span></strong><br /><strong><span style=\"font-family: arial, helvetica, sans-serif;\">مقدم 10%, دفعة 10% بعد سنه, دفعة 10% بعد تاني سنة الباقي علي 10 سنوات</span></strong><br /><strong><span style=\"font-family: arial, helvetica, sans-serif;\">مقدم 25%, الباقي علي 10 سنوات</span></strong></p>', NULL, NULL, 'TAJ MISR', 26, 'ar', '2021-01-11 18:57:08', '2021-01-24 23:18:23'),
(51, 'VIDA MALL', NULL, '<p><span style=\"font-family: \'arial black\', sans-serif;\"><strong><u>BRIEF ABOUT THE NEW ADMINISTRATIVE CAPITAL</u></strong></span></p>\r\n<p><span style=\"font-family: \'arial black\', sans-serif;\"><strong>The location of the new administrative capital is located on the borders of the city of Badr in the area</strong></span></p>\r\n<p><span style=\"font-family: \'arial black\', sans-serif;\"><strong>Between Suez Road and Ain Sokhna road east of the regional ring road,</strong></span></p>\r\n<p><span style=\"font-family: \'arial black\', sans-serif;\"><strong>after New Cairo and the cities of the cities and the future city and the city of Sunrise and Fifth Avenue and away from Ain Sokhna about 60 km and also 60 km The heart of the Greater Cairo Governorate.</strong></span></p>\r\n<p><span style=\"font-family: \'arial black\', sans-serif;\"><strong>The administrative capital area is about 170 thousand acres</strong></span></p>\r\n<p><span style=\"font-family: \'arial black\', sans-serif;\">&nbsp;</span></p>\r\n<p><span style=\"font-family: \'arial black\', sans-serif;\"><strong><u>BRIEF ABOUT THE DEVELOPER</u></strong></span></p>\r\n<p><span style=\"font-family: \'arial black\', sans-serif;\"><strong>Location, a comprehensive real estate development solution provider, has more than 20 years of experience in the fields of building, construction, evaluation, design and real estate marketing </strong></span></p>\r\n<p><span style=\"font-family: \'arial black\', sans-serif;\"><strong>&nbsp;</strong></span></p>\r\n<p><span style=\"font-family: \'arial black\', sans-serif;\"><strong>As we aim to ensure the highest rates of customer satisfaction in providing a wide range of services during all stages of the real estate development process.</strong></span></p>\r\n<p><span style=\"font-family: \'arial black\', sans-serif;\"><strong>&nbsp;</strong></span></p>\r\n<p><span style=\"font-family: \'arial black\', sans-serif;\"><strong>Through its distinguished competencies in the fields of market knowledge and wide relations, the company has a high ability to introduce its customers to the appropriate personalities and thus establish vital relationships between investors and workers in this sector in addition to developing ideas that contribute to the successful marketing of real estate in the market</strong></span></p>\r\n<p><span style=\"font-family: \'arial black\', sans-serif;\"><strong>&nbsp;</strong></span></p>\r\n<p><span style=\"font-family: \'arial black\', sans-serif;\"><strong>And among the projects that the company has implemented :</strong></span></p>\r\n<p><span style=\"font-family: \'arial black\', sans-serif;\"><strong>&nbsp;</strong></span></p>\r\n<p><span style=\"font-family: \'arial black\', sans-serif;\"><strong><u>Commercial and Administrative</u></strong></span></p>\r\n<p><span style=\"font-family: \'arial black\', sans-serif;\"><strong>&nbsp;</strong></span></p>\r\n<p><span style=\"font-family: \'arial black\', sans-serif;\"><strong>Malls</strong></span></p>\r\n<ul>\r\n<li><span style=\"font-family: \'arial black\', sans-serif;\"><strong>Promo Medical Mall (medical - commercial) in Maadi (delivered)</strong></span></li>\r\n<li><span style=\"font-family: \'arial black\', sans-serif;\"><strong>Graffiti Mall (commercial - administrative) next to the new Egyptian Museum (under construction)</strong></span></li>\r\n</ul>\r\n<p><span style=\"font-family: \'arial black\', sans-serif;\"><strong>&nbsp;</strong></span></p>\r\n<p><span style=\"font-family: \'arial black\', sans-serif;\"><strong>Buildings and Villas </strong></span></p>\r\n<ul>\r\n<li><span style=\"font-family: \'arial black\', sans-serif;\"><strong>Al-Tariq Building - Sixth Tourist - Sixth of October City (delivered)</strong></span></li>\r\n<li><span style=\"font-family: \'arial black\', sans-serif;\"><strong>Al-Hayat Villa - Neighborhood 5 - West Sumed - Sixth of October City (delivered)</strong></span></li>\r\n<li><span style=\"font-family: \'arial black\', sans-serif;\"><strong>Al-Kawthar Villa - Eighth District - Sheikh Zayed City (delivered)</strong></span></li>\r\n<li><span style=\"font-family: \'arial black\', sans-serif;\"><strong>Building No. 510 in the North North (handover)</strong></span></li>\r\n<li><span style=\"font-family: \'arial black\', sans-serif;\"><strong>Building No. 86 in the North North (handed over)</strong></span></li>\r\n<li><span style=\"font-family: \'arial black\', sans-serif;\"><strong>Building No. 363 in the North North (handover) &bull; Building No.</strong></span></li>\r\n<li><span style=\"font-family: \'arial black\', sans-serif;\"><strong>33 in the fourth district, the first neighborhood - 6th of October City (delivered)</strong></span></li>\r\n<li><span style=\"font-family: \'arial black\', sans-serif;\"><strong>Building in the fifth district Third Neighborhood No. (485) in Sixth of October City (handed over)</strong></span></li>\r\n<li><span style=\"font-family: \'arial black\', sans-serif;\"><strong>Building in Fifth District, Third Neighborhood No. (83) in Sixth of October City (delivered)</strong></span></li>\r\n</ul>\r\n<p><span style=\"font-family: \'arial black\', sans-serif;\"><strong>&nbsp;</strong></span></p>\r\n<p><span style=\"font-family: \'arial black\', sans-serif;\"><strong>Residential towers</strong></span></p>\r\n<ul>\r\n<li><span style=\"font-family: \'arial black\', sans-serif;\"><strong>Al Noor Tower - Abdel Salam Aref Street - Mansoura (delivered)</strong></span></li>\r\n<li><span style=\"font-family: \'arial black\', sans-serif;\"><strong>Al Iman Tower - Suez Canal Street - Mansoura (delivered)</strong></span></li>\r\n<li><span style=\"font-family: \'arial black\', sans-serif;\"><strong>Wisdom Tower - New Toril - Mansoura (delivered)</strong></span></li>\r\n<li><span style=\"font-family: \'arial black\', sans-serif;\"><strong>Al Noor Tower 2 - Jamal Al Din Street Al Afghani - Mansoura (delivered)</strong></span></li>\r\n</ul>\r\n<p><span style=\"font-family: \'arial black\', sans-serif;\"><strong>&nbsp;</strong></span></p>\r\n<p><span style=\"font-family: \'arial black\', sans-serif;\"><strong><u>Project details</u></strong></span></p>\r\n<p><span style=\"font-family: \'arial black\', sans-serif;\"><strong>Location: Part No. MU01-08</strong></span></p>\r\n<p><span style=\"font-family: \'arial black\', sans-serif;\"><strong>Number of floors: ground and 8 floors</strong></span></p>\r\n<p><span style=\"font-family: \'arial black\', sans-serif;\"><strong>Areas: Commercial from 36m,&nbsp;</strong></span><span style=\"font-family: \'arial black\', sans-serif;\"><strong>Adminstrative &amp; Medical from 45m</strong></span></p>\r\n<p><span style=\"font-family: \'arial black\', sans-serif;\"><strong>Load percentage: from 25% to 30%</strong></span></p>\r\n<p><span style=\"font-family: \'arial black\', sans-serif;\"><strong>Maintenance:%10</strong></span></p>\r\n<p><span style=\"font-family: \'arial black\', sans-serif;\"><strong>&nbsp;</strong></span></p>\r\n<p><span style=\"font-family: \'arial black\', sans-serif;\"><strong><u>Payment systems</u></strong></span></p>\r\n<p><span style=\"font-family: \'arial black\', sans-serif;\"><strong>5% downpayment, 5% after 6 months, 5% down payment of the rest 6 years</strong></span></p>\r\n<p><span style=\"font-family: \'arial black\', sans-serif;\"><strong>10% downpayment, 5% after 6 months, 5% down payment of the rest 7 years</strong></span></p>\r\n<p><span style=\"font-family: \'arial black\', sans-serif;\"><strong>20% downpayment, 5% after 6 months, 5% payment for receiving the rest 8 years</strong></span></p>\r\n<p>&nbsp;</p>\r\n<p><span style=\"text-decoration: underline;\"><span style=\"font-family: \'arial black\', sans-serif;\"><strong>Prices:</strong></span></span></p>\r\n<p><strong>Commercial - From 40 to 130 thousands per meter&nbsp;</strong></p>\r\n<p><strong>Adminstrative &amp; Medical from 19 to 24 thousands per meter&nbsp;</strong></p>\r\n<p>&nbsp;</p>', NULL, NULL, 'LOCATIONS DEVELOPMENT', 27, 'en', '2021-01-11 20:35:20', '2021-01-17 18:39:38');
INSERT INTO `project_translations` (`id`, `name`, `subtitle`, `description`, `indirect_sales`, `payment_methods`, `developer_company`, `project_id`, `locale`, `created_at`, `updated_at`) VALUES
(52, 'VIDA MALL', NULL, '<p style=\"text-align: right;\"><span style=\"font-family: \'arial black\', sans-serif;\"><strong>&nbsp;</strong></span></p>\r\n<p style=\"text-align: right;\"><span style=\"text-decoration: underline; font-size: 12pt; font-family: \'arial black\', sans-serif;\"><strong>نبذة عن العاصمة الإدارية الجديدة</strong></span></p>\r\n<p style=\"text-align: right;\"><span style=\"font-family: \'arial black\', sans-serif;\"><strong>موقع العاصمة الادارية الجديدة يقع على حدود مدينة بدر بالمنطقة</strong></span></p>\r\n<p style=\"text-align: right;\"><span style=\"font-family: \'arial black\', sans-serif;\"><strong>بين طريق السويس وطريق العين السخنة شرق الطريق الدائري الإقليمي ،</strong></span></p>\r\n<p style=\"text-align: right;\"><span style=\"font-family: \'arial black\', sans-serif;\"><strong>بعد القاهرة الجديدة ومدن مدن ومدينة المستقبل ومدينة الشروق والتجمع الخامس ويبعد عن العين السخنة بحوالي 60 كم وأيضاً 60 كم قلب محافظة القاهرة الكبرى</strong><strong>.</strong></span></p>\r\n<p style=\"text-align: right;\"><span style=\"font-family: \'arial black\', sans-serif;\"><strong>مساحة العاصمة الإدارية حوالي 170 ألف فدان</strong></span></p>\r\n<p style=\"text-align: right;\"><span style=\"font-family: \'arial black\', sans-serif;\"><strong>&nbsp;</strong></span></p>\r\n<p style=\"text-align: right;\"><span style=\"text-decoration: underline; font-size: 12pt; font-family: \'arial black\', sans-serif;\"><strong>نبذة عن المطور</strong></span></p>\r\n<p style=\"text-align: right;\"><span style=\"font-family: \'arial black\', sans-serif;\"><strong>الموقع ، مزود حلول تطوير عقاري شامل ، لديه أكثر من 20 عامًا من الخبرة في مجالات البناء والتشييد والتقييم والتصميم والتسويق العقاري</strong></span></p>\r\n<p style=\"text-align: right;\"><span style=\"font-family: \'arial black\', sans-serif;\"><strong>&nbsp;</strong></span></p>\r\n<p style=\"text-align: right;\"><span style=\"font-family: \'arial black\', sans-serif;\"><strong>حيث نهدف إلى ضمان أعلى معدلات رضا العملاء في تقديم مجموعة واسعة من الخدمات خلال جميع مراحل عملية التطوير العقاري</strong><strong>.</strong></span></p>\r\n<p style=\"text-align: right;\"><span style=\"font-family: \'arial black\', sans-serif;\"><strong>&nbsp;</strong></span></p>\r\n<p style=\"text-align: right;\"><span style=\"font-family: \'arial black\', sans-serif;\"><strong>من خلال كفاءاتها المتميزة في مجالات معرفة السوق وعلاقاتها الواسعة ، تتمتع الشركة بقدرة عالية على تعريف عملائها بالشخصيات المناسبة وبالتالي إقامة علاقات حيوية بين المستثمرين والعاملين في هذا القطاع بالإضافة إلى تطوير الأفكار التي تساهم في النجاح تسويق العقارات في السوق</strong></span></p>\r\n<p style=\"text-align: right;\"><span style=\"font-family: \'arial black\', sans-serif;\"><strong>&nbsp;</strong></span></p>\r\n<p style=\"text-align: right;\"><span style=\"font-family: \'arial black\', sans-serif;\"><strong>ومن المشاريع التي نفذتها الشركة</strong><strong>:</strong></span></p>\r\n<p style=\"text-align: right;\"><span style=\"font-family: \'arial black\', sans-serif;\"><strong>&nbsp;</strong></span></p>\r\n<p style=\"text-align: right;\"><span style=\"text-decoration: underline; font-size: 14pt; font-family: \'arial black\', sans-serif;\"><strong>تجاري وإداري</strong></span></p>\r\n<p style=\"text-align: right;\"><span style=\"font-family: \'arial black\', sans-serif;\"><strong>&nbsp;</strong></span></p>\r\n<p style=\"text-align: right;\"><span style=\"font-family: \'arial black\', sans-serif;\"><strong>مولات</strong></span></p>\r\n<ul style=\"text-align: right;\">\r\n<li><span style=\"font-family: \'arial black\', sans-serif;\"><strong>برومو ميديكال مول (طبي - تجاري) بالمعادي (تم التسليم)</strong></span></li>\r\n<li><span style=\"font-family: \'arial black\', sans-serif;\"><strong>جرافيتي مول (تجاري - إداري) بجوار المتحف المصري الجديد (تحت الإنشاء)</strong></span></li>\r\n</ul>\r\n<p style=\"text-align: right;\"><span style=\"font-family: \'arial black\', sans-serif;\"><strong>&nbsp;</strong></span></p>\r\n<p style=\"text-align: right;\"><span style=\"font-family: \'arial black\', sans-serif;\"><strong>المباني والفيلات</strong></span></p>\r\n<p style=\"text-align: right;\"><span style=\"font-family: \'arial black\', sans-serif;\"><strong>عمارة الطارق - السادس السياحي - السادس من اكتوبر (تم التسليم)</strong></span></p>\r\n<p style=\"text-align: right;\"><span style=\"font-family: \'arial black\', sans-serif;\"><strong>فيلا الحياة - المجاورة الخامسة - غرب سوميد - السادس من اكتوبر (تم التسليم)</strong></span></p>\r\n<p style=\"text-align: right;\"><span style=\"font-family: \'arial black\', sans-serif;\"><strong>فيلا الكوثر - الحي الثامن - مدينة الشيخ زايد (تم التسليم)</strong></span></p>\r\n<p style=\"text-align: right;\"><span style=\"font-family: \'arial black\', sans-serif;\"><strong>عمارة رقم 510 شمال الشمال (التسليم)</strong></span></p>\r\n<p style=\"text-align: right;\"><span style=\"font-family: \'arial black\', sans-serif;\"><strong>عمارة رقم 86 شمال الشمال (تم التسليم)</strong></span></p>\r\n<p style=\"text-align: right;\"><span style=\"font-family: \'arial black\', sans-serif;\"><strong>عمارة رقم 363 بالشمال الشمالي (التسليم)</strong></span></p>\r\n<p style=\"text-align: right;\"><span style=\"font-family: \'arial black\', sans-serif;\"><strong>33 </strong><strong>بالحي الرابع الحي الاول - 6 اكتوبر (تسليم)</strong></span></p>\r\n<p style=\"text-align: right;\"><span style=\"font-family: \'arial black\', sans-serif;\"><strong>عمارة بالحي الخامس المجاورة الثالثة رقم (485) بمدينة السادس من اكتوبر (تم التسليم)</strong></span></p>\r\n<p style=\"text-align: right;\"><span style=\"font-family: \'arial black\', sans-serif;\"><strong>عمارة بالحي الخامس المجاورة الثالثة رقم (83) بمدينة السادس من اكتوبر (تسليم)</strong></span></p>\r\n<p style=\"text-align: right;\"><span style=\"font-family: \'arial black\', sans-serif;\"><strong>&nbsp;</strong></span></p>\r\n<p style=\"text-align: right;\"><span style=\"font-family: \'arial black\', sans-serif;\"><strong>أبراج سكنية</strong></span></p>\r\n<p style=\"text-align: right;\"><span style=\"font-family: \'arial black\', sans-serif;\"><strong>برج النور - شارع عبدالسلام عارف - المنصورة (تم التوصيل)</strong></span></p>\r\n<p style=\"text-align: right;\"><span style=\"font-family: \'arial black\', sans-serif;\"><strong>برج الايمان - شارع قناة السويس - المنصورة (تم التسليم)</strong></span></p>\r\n<p style=\"text-align: right;\"><span style=\"font-family: \'arial black\', sans-serif;\"><strong>برج الحكمة - توريل الجديدة - المنصورة (تم التسليم)</strong></span></p>\r\n<p style=\"text-align: right;\"><span style=\"font-family: \'arial black\', sans-serif;\"><strong>برج النور 2 - شارع جمال الدين الأفغاني - المنصورة (تم التوصيل)</strong></span></p>\r\n<p style=\"text-align: right;\"><span style=\"font-family: \'arial black\', sans-serif;\"><strong>&nbsp;</strong></span></p>\r\n<p style=\"text-align: right;\"><span style=\"text-decoration: underline; font-size: 12pt; font-family: \'arial black\', sans-serif;\"><strong>تفاصيل المشروع</strong></span></p>\r\n<p style=\"text-align: right;\"><span style=\"font-family: \'arial black\', sans-serif;\"><strong>الموقع: رقم الجزء</strong><strong> MU01-08</strong></span></p>\r\n<p style=\"text-align: right;\"><span style=\"font-family: \'arial black\', sans-serif;\"><strong>عدد الطوابق: ارضي و 8 ادوار</strong></span></p>\r\n<p style=\"text-align: right;\"><span style=\"font-family: \'arial black\', sans-serif;\"><strong>المساحات: التجاري من 36م و الإداري و الطبي من 45م</strong></span></p>\r\n<p style=\"text-align: right;\"><span style=\"font-family: \'arial black\', sans-serif;\"><strong>نسبة التحميل: من 30٪</strong></span></p>\r\n<p style=\"text-align: right;\"><span style=\"font-family: \'arial black\', sans-serif;\"><strong>الصيانة:٪ 10</strong></span></p>\r\n<p style=\"text-align: right;\"><span style=\"font-family: \'arial black\', sans-serif;\"><strong>&nbsp;</strong></span></p>\r\n<p style=\"text-align: right;\"><span style=\"text-decoration: underline; font-size: 12pt; font-family: \'arial black\', sans-serif;\"><strong>أنظمة السداد</strong></span></p>\r\n<p style=\"text-align: right;\"><span style=\"font-family: \'arial black\', sans-serif;\"><strong>5٪ </strong><strong>مقدم ، 5٪ بعد 6 شهور ، 5٪ دفعة أولى والباقي 6 سنوات</strong></span></p>\r\n<p style=\"text-align: right;\"><span style=\"font-family: \'arial black\', sans-serif;\"><strong>10٪ </strong><strong>مقدم ، 5٪ بعد 6 شهور ، 5٪ دفعة أولى والباقي 7 سنوات</strong></span></p>\r\n<p style=\"text-align: right;\"><span style=\"font-family: \'arial black\', sans-serif;\"><strong>20٪ </strong><strong>مقدم و 5٪ بعد 6 شهور و 5٪ تقسيط الباقي على 8 سنوات</strong></span></p>\r\n<p style=\"text-align: right;\">&nbsp;</p>\r\n<p style=\"text-align: right;\"><span style=\"font-family: \'arial black\', sans-serif;\"><strong>الاسعار:</strong></span></p>\r\n<p style=\"text-align: right;\"><span style=\"font-family: \'arial black\', sans-serif;\"><strong>تجاري &ndash; من 40 الي 130 الف للمتر</strong></span></p>\r\n<p style=\"text-align: right;\"><span style=\"font-family: \'arial black\', sans-serif;\"><strong>طبي &ndash; من 19 الي 24 الف للمتر</strong></span></p>\r\n<p style=\"text-align: right;\"><span style=\"font-family: \'arial black\', sans-serif;\"><strong>ادارى &ndash; من 19 الي 24 الف للمتر</strong></span></p>\r\n<p style=\"text-align: right;\"><span style=\"font-family: \'arial black\', sans-serif;\"><strong>&nbsp;</strong></span></p>', NULL, NULL, 'LOCATIONs DEVELOPMENT', 27, 'ar', '2021-01-11 20:35:20', '2021-01-17 18:39:38'),
(53, 'RIXOZ TOWER', NULL, '<p><span style=\"text-decoration: underline; font-size: 12pt;\"><strong>Project details:</strong></span><br />Location: Part No. GOP2<br />Number of floors: ground and 10 floors<br />Spaces: from 15 m to 500 m<br />Download percentage: from 30%<br />Maintenance:% 8<br /><br /></p>\r\n<p><span style=\"text-decoration: underline; font-size: 12pt;\"><strong>Prices:</strong></span><br />Commercial - from 57 to 143 thousand per square meter</p>\r\n<p>Adminstrative - from 26 thousand per square meter</p>\r\n<p>Medical - from 36 thousand per square meter</p>\r\n<p>&nbsp;</p>\r\n<p><span style=\"text-decoration: underline; font-size: 12pt;\"><strong>Payment systems</strong></span><br />5% downpayment, 5% after a year, the rest 6 years<br />Down payment 10%, 5% after a year, the rest 7 years<br />Down payment 15%, 5% after one year, the rest 8 years</p>\r\n<p>&nbsp;</p>\r\n<p><span style=\"text-decoration: underline; font-size: 12pt;\"><strong>Services:</strong></span><br />Customer service specific to the project<br />Firefighting system<br />A specialized management company<br />Movable seats for people with special needs<br />Children\'s area<br />Solar energy systems<br />Electronic portals</p>', NULL, NULL, 'FOUR SEASONS DEVELOPMENT GROUP', 28, 'en', '2021-01-11 21:14:52', '2021-01-25 21:23:53'),
(54, 'RIXOZ TOWER', NULL, '<p style=\"text-align: right;\"><strong>تفاصيل المشروع:</strong><br />الموقع : القطعه رقم GOP2<br />عدد الأدوار: أرضي و 10 دور<br />المساحات: من 15م الي 500م<br />نسبه التحميـل: من %30<br />الصيانه : %8</p>\r\n<p style=\"text-align: right;\"><strong>الاسعار:</strong><br />تجاري &ndash; من 57 الي 143 الف للمتر</p>\r\n<p style=\"text-align: right;\">إداري &ndash; من 26 الف للمتر</p>\r\n<p style=\"text-align: right;\">طبي &ndash; من 36 الف للمتر</p>\r\n<p style=\"text-align: right;\">&nbsp;</p>\r\n<p style=\"text-align: right;\"><strong>نظام السداد</strong><br />مقدم %5, %5 بعد سنة, الباقي 6 سنوات<br />مقدم %10, %5 بعد سنة, الباقي 7 سنوات<br />مقدم %15, %5 بعد سنة, الباقي 8 سنوات</p>\r\n<p style=\"text-align: right;\"><strong>الخدمات:</strong><br />&bull; خدمة عملاء خاصة بالمشروع<br />&bull; نظام مكافحة الحرائق<br />&bull; شركة إدارة متخصصة<br />&bull; مقاعد متحركة لذوي الاحتياجات الخاصة<br />&bull; منطقة مخصصة للأطفال<br />&bull; أنظمة طاقة شمسية<br />&bull; بوابات إلكترونية</p>', NULL, NULL, 'FOUR SEASONS DEVELOPMENT GROUP', 28, 'ar', '2021-01-11 21:14:52', '2021-01-25 21:21:45'),
(55, 'PYRAMIDS MALL', NULL, '<p><strong>BRIEF ABOUT THE NEW ADMINISTRATIVE CAPITAL</strong></p>\r\n<p><strong>The location of the new administrative capital is located on the borders of the city of Badr in the area</strong></p>\r\n<p><strong>Between Suez Road and Ain Sokhna road east of the regional ring road,&nbsp;</strong><strong>after New Cairo and the cities of the cities and the future city and the city of Sunrise and Fifth Avenue and away from Ain Sokhna about 60 km and also 60 km The heart of the Greater Cairo Governorate.&nbsp;</strong><strong>The administrative capital area is about 170 thousand acres</strong></p>\r\n<p>&nbsp;</p>\r\n<p><strong>BRIEF ABOUT THE DEVELOPER</strong></p>\r\n<p><strong>PYRAMIDS DEVELOPMENTS is one of the leading companies which working in REAL</strong></p>\r\n<p><strong>ESTATE field in France since 1999 and started to develop its projects in Egypt in 2013.</strong></p>\r\n<p><strong>Caring of all Pyramids company employees in transforming the new ideas and the vision of the board of directors which is built for changing the Egyptian real estate market and raising it to a level that is competitive globally in terms of the possibilities and services provided to all pyramids company projects investors. The selection of all the employees is based on their equipped and the ability to developing and serving all Pyramids company customers in line with the vision of the board of directors.</strong></p>\r\n<p><strong>Pyramids Chooses its First Compound in a prime location in the new administrative capital of Egypt area R7 plot no.N2 with Fully Finished residential units such as (Apartments, Duplex, Penthouses and Studios) with Facilities that help Egyptians to find all their life needs.</strong></p>\r\n<p><strong>&nbsp;</strong></p>\r\n<p><strong>Project details</strong></p>\r\n<p><strong>Location: Part No. COM17</strong></p>\r\n<p><strong>Number of floors: ground and 5 floors</strong></p>\r\n<p><strong>Spaces: commercial from 12m</strong></p>\r\n<p><strong>Load Percentage: 30%</strong></p>\r\n<p><strong>Maintenance: 10%</strong></p>\r\n<p>&nbsp;</p>\r\n<p><strong>Payment systems</strong></p>\r\n<p><strong>5% down payment and 5% after 3 months - installments up to 8 years</strong></p>\r\n<p><strong>10% down payment - and installments up to 10 years</strong></p>\r\n<p><strong>25% immediate downpayment - post-receipt installment</strong></p>\r\n<p><strong>30% down payment - 12% immediate return for 2.5 years and installment after handover</strong></p>\r\n<p><strong>35% down payment - 14% immediate return for 2.5 years and the premium after handover</strong></p>\r\n<p><strong>40% down payment - 16% immediate return for 2.5 years and installment after handover</strong></p>\r\n<p>&nbsp;</p>\r\n<p><strong>The prices</strong></p>\r\n<p><strong>Commercial - from 90 to 230 thousand per meter</strong></p>\r\n<p>&nbsp;</p>\r\n<p><strong>Services</strong></p>\r\n<p><strong>Customer service for the project</strong></p>\r\n<p><strong>Fire fighting system</strong></p>\r\n<p><strong>A specialized management company</strong></p>\r\n<p><strong>Movable seats for people with special needs</strong></p>\r\n<p><strong>Children\'s area</strong></p>\r\n<p><strong>Solar energy systems</strong></p>\r\n<p><strong>Electronic portals</strong></p>', NULL, NULL, 'PYRAMIDS', 29, 'en', '2021-01-17 17:19:55', '2021-01-17 17:22:42'),
(56, 'PYRAMIDS MALL', NULL, '<p style=\"text-align: right;\"><strong><u>نبذة عن العاصمة الجديدة</u></strong></p>\r\n<p style=\"text-align: right;\"><strong>موقع العاصمة الادارية الجديدة يقع على حدود مدينة بدر بالمنطقة بين طريق السويس وطريق العين السخنة شرق الطريق الدائري الإقليمي ، بعد القاهرة الجديدة ومدن مدن ومدينة المستقبل ومدينة الشروق والتجمع الخامس ويبعد عن العين السخنة بحوالي 60 كم وأيضاً 60 كم قلب محافظة القاهرة الكبرى. مساحة العاصمة الإدارية حوالي 170 ألف فدان</strong></p>\r\n<p style=\"text-align: right;\"><strong>&nbsp;</strong></p>\r\n<p style=\"text-align: right;\"><strong><u>نبذة عن المطور</u></strong></p>\r\n<p style=\"text-align: right;\"><strong>شركة PYRAMIDS DEVELOPMENTS هي واحدة من الشركات الرائدة التي تعمل في مجال العقارات في فرنسا منذ عام 1999 وبدأت في تطوير مشاريعها في مصر في عام 2013.</strong></p>\r\n<p style=\"text-align: right;\"><strong>رعاية جميع العاملين بشركة بيراميدز في تحويل الأفكار الجديدة ورؤية مجلس الإدارة التي تهدف إلى تغيير سوق العقارات المصري والارتقاء به إلى مستوى تنافسي عالميًا من حيث الإمكانيات والخدمات المقدمة لجميع الأهرامات مستثمرو مشاريع الشركة. يعتمد اختيار جميع الموظفين على تجهيزهم وقدرتهم على تطوير وخدمة جميع عملاء شركة بيراميدز بما يتماشى مع رؤية مجلس الإدارة.</strong></p>\r\n<p style=\"text-align: right;\"><strong>تختار بيراميدز كمبوندها الأول في موقع متميز بالعاصمة الإدارية الجديدة بمصر المنطقة R7 قطعة أرض رقم N2 بوحدات سكنية كاملة التشطيب مثل (شقق ، دوبلكس ، بنتهاوس ، استوديوهات) مع التسهيلات التي تساعد المصريين على إيجاد جميع احتياجات حياتهم.</strong></p>\r\n<p style=\"text-align: right;\"><strong>&nbsp;</strong></p>\r\n<p style=\"text-align: right;\"><strong><u>تفاصيل المشروع</u></strong></p>\r\n<p style=\"text-align: right;\"><strong>الموقع : القطعه رقم COM17</strong></p>\r\n<p style=\"text-align: right;\"><strong>عدد الأدوار: أرضي و 5 دور</strong></p>\r\n<p style=\"text-align: right;\"><strong>المساحات: التجارى من 12م</strong></p>\r\n<p style=\"text-align: right;\"><strong>نسبه التحميـل: من %30</strong></p>\r\n<p style=\"text-align: right;\"><strong>الصيانه : 10%</strong></p>\r\n<p style=\"text-align: right;\"><strong><u></u>&nbsp;</strong></p>\r\n<p style=\"text-align: right;\"><strong><u>نظم السداد</u></strong></p>\r\n<p style=\"text-align: right;\"><strong>5% مقدم و 5% بعد 3 شهور &ndash; تقسيط حتي 8 سنوات</strong></p>\r\n<p style=\"text-align: right;\"><strong>10% مقدم &ndash; و تقسيط حتي 10 سنوات</strong></p>\r\n<p style=\"text-align: right;\"><strong>25% مقدم فوري &ndash; القسط بعد الإستلام</strong></p>\r\n<p style=\"text-align: right;\"><strong>30% مقدم &ndash; بعائد فوري 12% لمدة 2.5 سنة و القسط بعد الإستلام</strong></p>\r\n<p style=\"text-align: right;\"><strong>35% مقدم &ndash; بعائد فوري 14% لمدة 2.5 سنة و القسط بعد الإستلام</strong></p>\r\n<p style=\"text-align: right;\"><strong>40% مقدم &ndash; بعائد فوري 16% لمدة 2.5 سنة و القسط بعد الإستلام</strong></p>\r\n<p style=\"text-align: right;\">&nbsp;</p>\r\n<p style=\"text-align: right;\"><span style=\"text-decoration: underline;\"><strong>الاسعار</strong></span></p>\r\n<p style=\"text-align: right;\"><strong>تجاري &ndash; من 90 الي 230 الف للمتر</strong></p>\r\n<p style=\"text-align: right;\"><strong>&nbsp;</strong></p>\r\n<p style=\"text-align: right;\"><strong><u>خدمات</u></strong></p>\r\n<p style=\"text-align: right;\"><strong>خدمة عملاء خاصة بالمشروع</strong></p>\r\n<p style=\"text-align: right;\"><strong>نظام مكافحة الحرائق</strong></p>\r\n<p style=\"text-align: right;\"><strong>شركة إدارة متخصصة</strong></p>\r\n<p style=\"text-align: right;\"><strong>مقاعد متحركة لذوي الاحتياجات الخاصة</strong></p>\r\n<p style=\"text-align: right;\"><strong>منطقة للأطفال</strong></p>\r\n<p style=\"text-align: right;\"><strong>أنظمة الطاقة الشمسية</strong></p>\r\n<p style=\"text-align: right;\"><strong>بوابات الكترونية</strong></p>', NULL, NULL, 'PYRAMIDS', 29, 'ar', '2021-01-17 17:19:55', '2021-01-17 17:23:40'),
(57, 'ZA MALL', NULL, '<p><span style=\"text-decoration: underline; font-size: 14pt;\"><strong>Za Mall New Capital</strong></span><br />The Mall of the New Administrative Capital is in the most beautiful and famous areas of the New Capital in the Down Town area, which is the largest commercial areas within the Administrative Capital and the most vital areas in the New Administrative Capital, and this is because it is close to many landmarks, malls and other compounds, and this makes The Mall project is a very suitable opportunity for investment.</p>\r\n<p><span style=\"text-decoration: underline; font-size: 14pt;\"><strong>The company developing the Za Mall New Capital project</strong></span><br />The Mall project is developed by <strong>Zaytoun Developments</strong>, one of the leading companies in the field of real estate development that has great experience in the field of real estate development, and the company chose a very special location in the new administrative capital, and Zaytoun Real Estate Development Company was keen to provide all the important services inside the mall.</p>\r\n<p><span style=\"text-decoration: underline; font-size: 14pt;\"><strong>The Mall New Capital Location:</strong></span><br />The Za Mall New Capital is located in the heart of the New Administrative Capital in the Downtown commercial area, which is characterized as the largest commercial areas that are located between many vital areas within the Administrative Capital.<br />The Za Mall New Capital is also located near many important areas within the Administrative Capital, it is located in front of the main entrance to the New Administrative Capital, and this distinctive location makes it near the most famous landmarks of the New Capital and this makes it a very special location.</p>\r\n<p><span style=\"text-decoration: underline; font-size: 14pt;\"><strong>Services provided in the New Capital Mall</strong></span><br />The Za Mall New Capital enjoys many wonderful and distinguished services that make it one of the largest commercial projects within the New Capital. Green spaces.<br />Special entertainment places for children.<br />High speed internet in all units.<br />swimming pool.<br />Industrial lakes.<br />security cameras.<br />Central air conditioning throughout the project.<br />International restaurants and cafes.<br />Security and guarding 24/7.<br />Clean the place periodically.</p>\r\n<p><span style=\"text-decoration: underline; font-size: 14pt;\"><strong>Project details</strong></span><br />Location: part number COM7<br />Number of floors: ground and 5 floors<br />Spaces: From 17 m<br />Loading ratio: from 30% to 35%<br />Maintenance: 10%</p>\r\n<p><span style=\"text-decoration: underline; font-size: 14pt;\"><strong>The prices:</strong></span><br />From 65 to 165 thousand per meter</p>\r\n<p><span style=\"text-decoration: underline; font-size: 14pt;\"><strong>Payment systems</strong></span><br />10% down payment and 5 years installments<br />10% down payment and installments over 6 years (5% discount)<br />10% down payment - 10% installments over 8 years<br />15% down payment - 10% receipt in installments for 10 years (10% discount)<br />20% down payment - 10% receipt in installments for 12 years (10% discount)<br />35% down payment - 9% receipt in installments for 14 years (15% discount)</p>\r\n<p>Lease contract: - (for commercial units only) - The customer benefits from a one-year lease contract with a 10-year installment system and the lease value starts from 6%</p>', NULL, NULL, 'ZAYTOUN DEVELOPMENT', 30, 'en', '2021-01-17 17:44:43', '2021-01-21 23:11:18'),
(58, 'ZA MALL', NULL, '<p style=\"text-align: right;\">&nbsp;</p>\r\n<p style=\"text-align: right;\"><span style=\"text-decoration: underline; font-size: 14pt;\"><strong>ذا مول العاصمة الادارية الجديدة Za Mall New Capital</strong></span><br />ذا مول العاصمة الإدارية الجديدة Za Mall New Capital في أجمل وأشهر مناطق العاصمة الجديدة فى منطقة الداون تاون Down Town وهي اكبر المناطق التجارية داخل العاصمة الادارية و أكثر المناطق حيوية في العاصمة الادارية الجديدة،وهذا لأنها قريبة من الكثير من المعالم والمولات والكمبوندات الأخرى، وهذا يجعل مشروع ذا مول فرصة مناسبة جدًا للاستثمار .</p>\r\n<p style=\"text-align: right;\"><span style=\"text-decoration: underline; font-size: 14pt;\"><strong>الشركة المطورة لمشروع Za Mall New Capital</strong></span><br />مشروع ذا مول من تطوير شركة Zaytoun Developments العقارية وهى من الشركات الرائدة فى مجال التطوير العقاري التى تتمتع بالخبرة الكبيرة فى مجال التطوير العقاري،واختارت الشركة موقع مميز جدا في العاصمة الادارية الجديدة، وحرصت شركة زيتون للتطوير العقاري بتقديم كل الخدمات المهمة داخل المول .</p>\r\n<p style=\"text-align: right;\"><span style=\"text-decoration: underline; font-size: 14pt;\"><strong>موقع ذا مول العاصمة الادارية الجديدة</strong></span><br />يقع ذا مول العاصمة الادارية الجديدة Za Mall New Capital في قلب العاصمة الإدارية الجديدة في منطقة الداون تاون التجارية التى تتميز بانها اكبر المناطق التجارية التى تقع بين الكثير من المناطق الحيوية داخل العاصمة الادارية.<br />كما يقع ذا مول العاصمة الادارية Za Mall New Capital بالقرب من الكثير من المناطق الهامه داخل العاصمة الادارية,فيقع أمام مدخل الرئيسي للعاصمة الادارية الجديدة، وهذا الموقع المميز يجعلة بالقرب من أشهر معالم العاصمة الجديدة وهذا ما يجعلة موقع مميز جدًا .</p>\r\n<p style=\"text-align: right;\"><span style=\"text-decoration: underline; font-size: 14pt;\"><strong>الخدمات المقدمة في ذا مول العاصمة الادارية</strong></span><br />يتمتع ذا مول العاصمة الادارية Za Mall New Capital بالكثير من الخدمات الرائعة والمتميزة التى تجعله احد اكبر المشاريع التجارية داخل العاصمة الادارية.مساحات خضراء.<br />اماكن ترفيهية خاصة للأطفال.<br />انترنت عالي السرعة في جميع الوحدات.<br />حمامات سباحة.<br />بحيرات صناعية.<br />كاميرات مراقبة.<br />تكييف مركزى في كافة انحاء المشروع.<br />مطاعم وكافيهات عالمية.<br />أمن وحراسة 24/7.<br />نظافة المكان بشكل دوري.</p>\r\n<p style=\"text-align: right;\"><span style=\"text-decoration: underline; font-size: 14pt;\"><strong>تفاصيل المشروع</strong></span><br />الموقع: الجزء رقم COM7<br />عدد الطوابق: ارضي و 5 ادوار<br />المساحات: من 17 م<br />نسبة التحميل: من 30٪ إلى 35٪<br />الصيانة:٪ 10 </p>\r\n<p style=\"text-align: right;\"><span style=\"text-decoration: underline; font-size: 14pt;\"><strong>الاسعار:</strong></span><br />من 65 الي 165 الف للمتر</p>\r\n<p style=\"text-align: right;\"><span style=\"text-decoration: underline; font-size: 14pt;\"><strong>أنظمة السداد</strong></span><br />10٪ مقدم وتقسيط 5 سنوات<br />10٪ مقدم واقساط على 6 سنوات (خصم 5٪)<br />10٪ دفعة أولى - 10٪ تقسيط على 8 سنوات<br />15٪ دفعة أولى - 10٪ استلام تقسيط لمدة 10 سنوات (خصم 10٪)<br />20٪ دفعة أولى - 10٪ استلام تقسيط لمدة 12 سنة (خصم 10٪)<br />35٪ دفعة أولى - 9٪ استلام تقسيط لمدة 14 سنة (خصم 15٪)</p>\r\n<p style=\"text-align: right;\">عقد الإيجار: - (للوحدات التجارية فقط زمول) - يستفيد العميل من عقد إيجار لمدة سنة بنظام التقسيط لمدة 10 سنوات وقيمة الإيجار تبدأ من 6٪</p>', NULL, NULL, 'ZAYTOUN DEVELOPMENT', 30, 'ar', '2021-01-17 17:44:44', '2021-01-21 23:11:18'),
(59, 'DORADO MALL', NULL, '<p><span style=\"font-family: \'arial black\', sans-serif; font-size: 12pt;\"><strong><u>BRIEF ABOUT THE NEW ADMINISTRATIVE CAPITAL</u></strong></span></p>\r\n<p><span style=\"font-family: \'arial black\', sans-serif;\"><strong>The location of the new administrative capital is located on the borders of the city of Badr in the area</strong></span></p>\r\n<p><span style=\"font-family: \'arial black\', sans-serif;\"><strong>Between Suez Road and Ain Sokhna road east of the regional ring road,</strong></span></p>\r\n<p><span style=\"font-family: \'arial black\', sans-serif;\"><strong>after New Cairo and the cities of the cities and the future city and the city of Sunrise and Fifth Avenue and away from Ain Sokhna about 60 km and also 60 km The heart of the Greater Cairo Governorate.</strong></span></p>\r\n<p><span style=\"font-family: \'arial black\', sans-serif;\"><strong>The administrative capital area is about 170 thousand acres</strong></span></p>\r\n<p>&nbsp;</p>\r\n<p><span style=\"font-family: \'arial black\', sans-serif; font-size: 12pt;\"><strong><u>Project details</u></strong></span></p>\r\n<p><span style=\"font-family: \'arial black\', sans-serif;\"><strong>Location: Plot No. MU2/18</strong></span></p>\r\n<p><span style=\"font-family: \'arial black\', sans-serif;\"><strong>Number of floors: ground and 10 floors</strong></span></p>\r\n<p><span style=\"font-family: \'arial black\', sans-serif;\"><strong>Areas: Adminstrative &amp; Medical from 34m &amp; </strong></span></p>\r\n<p><span style=\"font-family: \'arial black\', sans-serif;\"><strong>Commercial from 28</strong></span></p>\r\n<p><span style=\"font-family: \'arial black\', sans-serif;\"><strong>Commercial Ground Floor from 36</strong></span></p>\r\n<p><span style=\"font-family: \'arial black\', sans-serif;\"><strong>Load percentage: from 25% to 30%</strong></span></p>\r\n<p><span style=\"font-family: \'arial black\', sans-serif;\"><strong>Maintenance: 10%</strong></span></p>\r\n<p><span style=\"font-family: \'arial black\', sans-serif;\"><strong>&nbsp;</strong></span></p>\r\n<p><span style=\"font-family: \'arial black\', sans-serif; font-size: 12pt;\"><strong><u>Payment systems</u></strong></span></p>\r\n<p><span style=\"font-family: \'arial black\', sans-serif;\"><strong>0% down payment, the rest in 5 years</strong></span></p>\r\n<p><span style=\"font-family: \'arial black\', sans-serif;\"><strong>10% down payment, the rest for 6 years</strong></span></p>\r\n<p><span style=\"font-family: \'arial black\', sans-serif;\"><strong>15% down payment, the rest for 7 years</strong></span></p>\r\n<p><span style=\"font-family: \'arial black\', sans-serif;\"><strong>20% down payment, the rest for 8 years</strong></span></p>\r\n<p><span style=\"font-family: \'arial black\', sans-serif;\"><strong>30% down payment, the rest for 9 years</strong></span></p>\r\n<p><span style=\"font-family: \'arial black\', sans-serif;\"><strong>Cash Offer: 30% Discount&nbsp;</strong></span></p>\r\n<p><span style=\"font-family: \'arial black\', sans-serif; font-size: 12pt;\"><strong><span style=\"text-decoration: underline;\">Prices:</span></strong></span></p>\r\n<p><span style=\"font-family: \'arial black\', sans-serif;\"><strong>Adminstrative: from 20 to 26 thoursands&nbsp;</strong></span></p>\r\n<p><span style=\"font-family: \'arial black\', sans-serif;\"><strong>&nbsp;Medical: from 22 to 28 thousands&nbsp;</strong></span></p>\r\n<p><span style=\"font-family: \'arial black\', sans-serif;\"><strong>Commercial: from 30 to 100 thousands&nbsp;</strong></span></p>\r\n<p><span style=\"text-decoration: underline; font-size: 12pt;\"><span style=\"font-family: \'arial black\', sans-serif;\"><strong>Services:</strong></span></span></p>\r\n<p><span style=\"font-family: \'arial black\', sans-serif;\"><strong>Customer service specific to the project</strong></span></p>\r\n<p><span style=\"font-family: \'arial black\', sans-serif;\"><strong>Firefighting system</strong></span></p>\r\n<p><span style=\"font-family: \'arial black\', sans-serif;\"><strong>A specialized management company</strong></span></p>\r\n<p><span style=\"font-family: \'arial black\', sans-serif;\"><strong>Movable seats for people with special needs</strong></span></p>\r\n<p><span style=\"font-family: \'arial black\', sans-serif;\"><strong>Children\'s area</strong></span></p>\r\n<p><span style=\"font-family: \'arial black\', sans-serif;\"><strong>Solar energy systems</strong></span></p>\r\n<p><span style=\"font-family: \'arial black\', sans-serif;\"><strong>Electronic portals</strong></span></p>\r\n<p><span style=\"font-family: \'arial black\', sans-serif;\"><strong>&nbsp;</strong></span></p>\r\n<p><span style=\"font-family: \'arial black\', sans-serif;\"><strong>&nbsp;</strong></span></p>\r\n<p><span style=\"font-family: \'arial black\', sans-serif;\"><strong>&nbsp;</strong></span></p>', NULL, NULL, 'CAPITAL LINK', 31, 'en', '2021-01-17 18:08:43', '2021-01-24 23:23:22'),
(60, 'DORADO MALL', NULL, '<pre class=\"tw-data-text tw-text-large XcVN5d tw-ta\" dir=\"rtl\" data-placeholder=\"Translation\"><strong><span lang=\"ar\" style=\"font-family: arial, helvetica, sans-serif;\"><span style=\"text-decoration: underline; font-size: 12pt;\">نبذة عن العاصمة الإدارية الجديدة\r\n</span>\r\nموقع العاصمة الادارية الجديدة يقع على حدود مدينة بدر بالمنطقة\r\n\r\nبين طريق السويس وطريق العين السخنة شرق الطريق الدائري الإقليمي ،\r\n\r\nبعد القاهرة الجديدة ومدن مدن ومدينة المستقبل ومدينة الشروق والتجمع الخامس ويبعد عن العين السخنة بحوالي 60 كم وأيضاً 60 كم قلب محافظة القاهرة الكبرى.\r\n\r\nمساحة العاصمة الإدارية حوالي 170 ألف فدان\r\n\r\n\r\n\r\n<span style=\"text-decoration: underline; font-size: 12pt;\">تفاصيل المشروع\r\n</span>\r\nالموقع: رقم القطعة MU2 / 18\r\n\r\nعدد الطوابق: ارضي و 10 ادوار\r\n\r\nالمناطق: إداري وطبي من 34 م &amp;\r\n\r\nتجاري من 28\r\n\r\nالدور الأرضي التجاري من 36\r\n\r\nنسبة التحميل: من 25٪ إلى 30٪\r\n\r\nالصيانة: 10٪\r\n\r\n\r\n\r\n<span style=\"text-decoration: underline; font-size: 12pt;\">أنظمة السداد\r\n</span>\r\n0٪ مقدم والباقي علي 5 سنوات\r\n\r\n10٪ مقدم والباقي علي 6 سنوات\r\n\r\n15٪ مقدم والباقي علي 7 سنوات\r\n\r\n20٪ مقدم والباقي علي 8 سنوات\r\n\r\n30٪ مقدم والباقي 9 سنوات\r\n\r\n\r\nالعرض الكاش: خصم 30٪<br /><br /><span style=\"text-decoration: underline; font-size: 12pt;\">الاسعار: </span><br />إداري - من 20 الي 26 الف<br />طبي - من 22 الي 28 الف <br />تجاري - من 30 الي 100 الف </span></strong></pre>\r\n<pre id=\"tw-target-text\" class=\"tw-data-text tw-text-large XcVN5d tw-ta\" dir=\"rtl\" data-placeholder=\"Translation\"><strong><span lang=\"ar\" style=\"font-family: arial, helvetica, sans-serif;\"><span style=\"text-decoration: underline; font-size: 12pt;\">خدمات:\r\n</span>\r\nخدمة عملاء خاصة بالمشروع\r\n\r\nنظام مكافحة الحرائق\r\n\r\nشركة إدارة متخصصة\r\n\r\nمقاعد متحركة لذوي الاحتياجات الخاصة\r\n\r\nمنطقة للأطفال\r\n\r\nأنظمة الطاقة الشمسية\r\n\r\nبوابات الكترونية</span></strong></pre>\r\n<pre id=\"tw-target-text\" class=\"tw-data-text tw-text-large XcVN5d tw-ta\" dir=\"rtl\" data-placeholder=\"Translation\"><strong><span lang=\"ar\" style=\"font-family: arial, helvetica, sans-serif;\">&nbsp;</span></strong></pre>', NULL, NULL, 'CAPITAL LINK', 31, 'ar', '2021-01-17 18:08:43', '2021-01-24 23:23:22'),
(61, 'EVIRA MALL', NULL, '<p><span style=\"text-decoration: underline; font-size: 12pt;\"><strong>Evira Mall, Downtown, New Capital</strong></span><br />Next to:<br />- Al Massa Hotel<br />- Monorail central train station<br />- Opera House<br />- Area of banks and insurance companies<br />- Petroleum companies<br />- Corporate sector<br />- Cathedral of the Nativity of Christ<br />- The largest mosque in the Middle East, 68 acres, the Egypt Mosque<br />- The People\'s Assembly and the government district</p>\r\n<p><span style=\"text-decoration: underline; font-size: 12pt;\"><strong>Project details:</strong></span><br />Location: Part No. POM5<br />Number of floors: ground and 5 floors<br />Spaces: from 15 m to 500 m<br />Download percentage: from 27%<br />Maintenance:% 8<br /> <br /><span style=\"font-size: 12pt;\"><strong><span style=\"text-decoration: underline;\">Prices:</span></strong></span><br />Commercial - from 57 to 143 thousand per square meter</p>\r\n<p><span style=\"text-decoration: underline; font-size: 12pt;\"><strong>Payment systems</strong></span><br />5% downpayment, 5% after a year, the rest 6 years<br />Down payment 10%, 5% after a year, the rest 7 years<br />Down payment 15%, 5% after one year, the rest 8 years</p>\r\n<p><span style=\"text-decoration: underline; font-size: 12pt;\"><strong>Services:</strong></span><br />Customer service specific to the project<br />Firefighting system<br />A specialized management company<br />Movable seats for people with special needs<br />Children\'s area<br />Solar energy systems<br />Electronic portals</p>', NULL, NULL, 'FOUR SEASONS DEVELOPMENT GROUP', 32, 'en', '2021-01-20 07:23:43', '2021-01-25 19:10:59'),
(62, 'EVIRA MALL', NULL, '<p style=\"text-align: right;\">&nbsp;<span style=\"text-decoration: underline; font-size: 14pt;\"><strong>إفيرا مول بالداون تاون العاصمة الادارية الجديدة</strong></span><br />بجوار كل من:<br />&ndash; فندق الماسة<br />&ndash; محطة قطار المنوريل المركزية<br />&ndash; دار الاوبرا<br />&ndash; منطقة البنوك وشركات التأمين<br />&ndash; شركات البترول<br />&ndash; قطاع الشركات<br />&ndash; كاتدرائية ميلاد المسيح<br />&ndash; اكبر مسجد في الشرق الاوسط 68 فدان مسجد مصر<br />&ndash; مجلس الشعب والحي الحكومي</p>\r\n<p style=\"text-align: right;\"><span style=\"text-decoration: underline; font-size: 12pt;\"><strong>تفاصيل المشروع:</strong></span><br />الموقع : القطعه رقم POM5<br />عدد الأدوار: أرضي و 5 دور<br />المساحات: من 15م الي 500م<br />نسبه التحميـل: من %27<br />الصيانه : %8</p>\r\n<p style=\"text-align: right;\"><span style=\"text-decoration: underline; font-size: 12pt;\"><strong>الاسعار:</strong></span><br />تجاري &ndash; من 57 الي 143 الف للمتر</p>\r\n<p style=\"text-align: right;\"><span style=\"text-decoration: underline; font-size: 12pt;\"><strong>نظام السداد</strong></span><br />مقدم %5, %5 بعد سنة, الباقي 6 سنوات<br />مقدم %10, %5 بعد سنة, الباقي 7 سنوات<br />مقدم %15, %5 بعد سنة, الباقي 8 سنوات</p>\r\n<p style=\"text-align: right;\"><span style=\"text-decoration: underline; font-size: 12pt;\"><strong>الخدمات:</strong></span><br />&bull; خدمة عملاء خاصة بالمشروع<br />&bull; نظام مكافحة الحرائق<br />&bull; شركة إدارة متخصصة<br />&bull; مقاعد متحركة لذوي الاحتياجات الخاصة<br />&bull; منطقة مخصصة للأطفال<br />&bull; أنظمة طاقة شمسية<br />&bull; بوابات إلكترونية</p>', NULL, NULL, 'FOUR SEASONS DEVELOPMENT GROUP', 32, 'ar', '2021-01-20 07:23:43', '2021-01-25 19:12:02'),
(63, 'X BUSINESS COMPLEX', NULL, '<p><span style=\"text-decoration: underline;\"><strong>X-Business Complex</strong></span><br /> After the success of Aurora Mall in the New Administrative Capital, Doja Developments is proudly launched another project in one of the most prominent locations in the New Administrative Capital \"X Business Complex\".<br /> X Business Complex creates a successful business community and an ideal working environment.<br /> X Business Complex promotes the presence of small, medium, and large enterprises as well as developing and tailoring your business needs!<br /> Contains a Medical, Administrative &amp; Commercial Units</p>\r\n<p><span style=\"font-size: 12pt;\"><strong><span style=\"text-decoration: underline;\">Location</span></strong></span><br /> X Business Complex is located steps away from The Business District, Council of Ministers, Government Administrative District, and Al Masa Hotel.<br /> X Business Complex developed and tailored for your business needs!</p>\r\n<p><span style=\"text-decoration: underline; font-size: 12pt;\"><strong>Facilities</strong></span><br /> &bull; Conference Center<br /> &bull; Power Backup Generator<br /> &bull; Information Desk<br /> &bull; Solar Energy Powered<br /> &bull; Gym<br /> &bull; Air-conditioned<br /> &bull; Storage Area<br /> &bull; Fire Alarm System<br /> &bull; Meeting Rooms<br /> &bull; VIP Lounge<br /> &bull; Business Center<br /> &bull; High Speed Internet<br /> &bull; Smart Clinics<br /> &bull; Underground Parking<br /> &bull; 24 hours security system</p>\r\n<p><span style=\"text-decoration: underline; font-size: 12pt;\"><strong>Project Details: </strong></span><br /> Location: Part No. 3<br /> Number of floors: ground and 9 floors</p>\r\n<p>Spaces: Commercial from 41 m, Administrative from 25 m, Medical from 34 m<br /> Load percentage: from 29%<br /> Maintenance: % 10</p>\r\n<p><span style=\"font-size: 12pt;\"><strong><span style=\"text-decoration: underline;\">Prices: </span></strong></span><br /> Commercial - from 67 to 130 thousand per meter<br /> Medical - from 28 thousand per meter<br /> Administrative - from 26 to 32 thousand per meter</p>\r\n<p><span style=\"text-decoration: underline; font-size: 12pt;\"><strong>Payment system</strong></span><br />Down payment 10% and the rest 5 years and a half, the first installment after 3 months<br />15% down payment and the rest 6 and a half years, the first installment after 3 months<br />25% down payment and the rest 6 and a half years, the first installment after a year<br />40% down payment first installment upon receipt<br />20% down payment, 10% after the first year, 10% after the second year, 10% after the third year, and the rest over 10 years</p>', NULL, NULL, 'DOJA', 33, 'en', '2021-01-20 07:26:21', '2021-01-25 21:49:34'),
(64, 'X BUSINESS COMPLEX', NULL, '<p style=\"text-align: right;\"><span style=\"text-decoration: underline; font-size: 12pt;\"><strong>X-Business Complex</strong></span><br /> بعد نجاح أورورا مول في العاصمة الإدارية الجديدة ، تفتخر شركة Doja Developments بإطلاق مشروع آخر في أحد أبرز المواقع في العاصمة الإدارية الجديدة \"X Business Complex\".<br /> &nbsp;ينشئ X Business Complex مجتمع أعمال ناجحًا وبيئة عمل مثالية.<br /> &nbsp;يعزز X Business Complex وجود المؤسسات الصغيرة والمتوسطة والكبيرة بالإضافة إلى تطوير وتكييف احتياجات عملك!<br /> يحتوي على وحدات طبية وإدارية وتجارية<br /> <br /> <span style=\"text-decoration: underline; font-size: 12pt;\"><strong>الموقع</strong></span><br /> X مجمع الأعمال يقع على بعد خطوات من منطقة الأعمال ومجلس الوزراء والمنطقة الإدارية الحكومية وفندق الماسة.<br /> تم تطوير X Business Complex ومصمم خصيصًا لتلبية احتياجات عملك!<br /> </p>\r\n<p style=\"text-align: right;\"><span style=\"font-size: 12pt;\"><strong><span style=\"text-decoration: underline;\">المرافق</span></strong></span><br /> &bull; مركز المؤتمرات<br /> &bull; مولد الطاقة الاحتياطية<br /> &bull; مكتب المعلومات<br /> &bull; يعمل بالطاقة الشمسية<br /> &bull; صالة الألعاب الرياضية<br /> &bull; مكيف الهواء<br /> &bull; منطقة التخزين<br /> &bull; نظام إنذار الحريق<br /> &bull; غرف الاجتماعات<br /> &bull; صالة كبار الشخصيات<br /> &bull; مركز أعمال<br /> &bull; إنترنت عالي السرعة<br /> &bull; عيادات ذكية<br /> &bull; موقف سيارات تحت الأرض<br /> &bull; 24 ساعة نظام الأمن</p>\r\n<p style=\"text-align: right;\">&nbsp;</p>\r\n<p style=\"text-align: right;\"><span style=\"text-decoration: underline; font-size: 12pt;\"><strong>تفاصيل المشروع</strong></span></p>\r\n<p style=\"text-align: right;\">الموقع : القطعه رقم 3</p>\r\n<p style=\"text-align: right;\">عدد الأدوار: أرضي و 9 دور&nbsp;</p>\r\n<p style=\"text-align: right;\">المساحات: تجاري من 41م</p>\r\n<p style=\"text-align: right;\">إداري من 25م</p>\r\n<p style=\"text-align: right;\">طبي من 34م</p>\r\n<p style=\"text-align: right;\">نسبه التحميـل: من %29</p>\r\n<p style=\"text-align: right;\">الصيانه : %10</p>\r\n<p style=\"text-align: right;\">&nbsp;</p>\r\n<p style=\"text-align: right;\"><span style=\"text-decoration: underline; font-size: 12pt;\"><strong>الاسعار:</strong></span></p>\r\n<p style=\"text-align: right;\">تجاري &ndash; من 67 الي 130 الف للمتر</p>\r\n<p style=\"text-align: right;\">طبي &ndash; من 28 الف للمتر</p>\r\n<p style=\"text-align: right;\">ادارى &ndash; من 26 الي 32 الف للمتر</p>\r\n<p style=\"text-align: right;\">&nbsp;</p>\r\n<p style=\"text-align: right;\"><span style=\"font-size: 12pt;\"><strong><span style=\"text-decoration: underline;\">نظام الدفع</span></strong></span></p>\r\n<p style=\"text-align: right;\">المقدم 10٪ والباقي علي 5 سنوات ونصف وتقسيط اول بعد 3 شهور</p>\r\n<p style=\"text-align: right;\">المقدم 15٪&nbsp;والباقي علي 6 سنوات ونصف، القسط الأول بعد 3 شهور</p>\r\n<p style=\"text-align: right;\">المقدم 25٪ والباقي علي 6 سنوات ونصف اول قسط بعد عام</p>\r\n<p style=\"text-align: right;\">مقدم 20٪ ، 10٪ بعد السنة الأولى ، 10٪ بعد السنة الثانية ، 10٪ بعد السنة الثالثة ، والباقي على 10 سنوات</p>', NULL, NULL, 'DOJA', 33, 'ar', '2021-01-20 07:26:21', '2021-01-25 21:49:34'),
(73, 'JD TOWER 10', NULL, '<p><span style=\"text-decoration: underline; font-size: 14pt;\"><strong>JD Tower, the administrative capital</strong></span><br />JD Tower New Capital is one of the first projects of JD Holding Company in the Downtown area, and the best management price in Downtown is 18 thousand Egyptian pounds, and the best investment opportunity in the new administrative capital.<br />The mall is designed on the latest models of service buildings, as the mall consists of 2 basements, a ground floor, and 8 typical floors.<br />Where the floors from the ground to the second upper are designated for shops.<br />The third floor to the upper eighth floor is reserved for administrative offices and medical clinics.</p>\r\n<p><span style=\"text-decoration: underline; font-size: 14pt;\"><strong>Information about JD Holding Company</strong></span><br />JD Tower, the administrative capital, from the establishment of JD Holding Company for Real Estate Development. The new administrative.</p>\r\n<p>JD Tower, the administrative capital.<br />The project is located in the Downtown Mu19 area, the El-Tanzah and Shopping District in the New Administrative Capital, overlooking 3 main roads to the corner, Al Masa Hotel, and steps away from the Presidential Palace and the House of Representatives.</p>\r\n<p><span style=\"text-decoration: underline; font-size: 14pt;\"><strong>JD tower new capital services.</strong></span><br />The largest artificial lake in the New Capital with a sandy beach, giving the place a wonderful natural landscape.<br />The dancing fountain that attracts many people to enjoy its beauty and conduct special photo sessions in front of it.<br />Backup power system.<br />CCTV cameras.<br />Sound system.<br />Central shower.<br />Firefighting system is available in JD Tower, the administrative capital.<br />Central air-conditioning.<br />Solar system.<br />Land scape.<br />Panoramic elevator.<br />All offices in JD Tower, the administrative capital, are super luxurious.<br />Double glazed exterior.<br />Modern and luxurious interior design.<br />Private garage for the mall.<br />2 entrance.<br />For the first time in Downtown, restaurants are equipped with Drive Thru service</p>\r\n<p><span style=\"text-decoration: underline; font-size: 14pt;\"><strong>Project Details:</strong></span><br />Location: MU19<br />Number of floors: ground and 10 floors<br />Sizes: from 30 meters<br />Download percentage: from 30%<br />Maintenance: % 10</p>\r\n<p><span style=\"text-decoration: underline; font-size: 14pt;\"><strong>The prices:</strong></span><br />Commercial - from 50 thousand to 100 thousand<br />Medical - from 30 thousand<br />Administrative - from 20 thousand</p>', NULL, NULL, 'J.D HOLDING', 38, 'en', '2021-01-20 07:34:46', '2021-02-25 00:02:52'),
(74, 'JD TOWER 10', NULL, '<p style=\"margin: 0in; margin-bottom: .0001pt; text-align: right;\" align=\"right\"><span style=\"text-decoration: underline; font-size: 14pt;\"><strong>جي دي تاور العاصمة الإدارية</strong></span><br />جي دي تاور العاصمة الإدارية J D tower new capital من اول مشاريع شركه جي دي هولدنج القابضه في منطقة الداون تاون وأفضل سعر إداري في الداون تاون 18 الف جنية مصري وأفضل فرصة أستثمارية في العاصمة الإدارية الجديدة.<br />تم تصميم المول على أحدث طرازات من المباني الخدمية، حيث يتكون المول من 2 بدروم وأرضي و8 أدور متكررة.<br />حيث يتم تخصيص الطوابق من الأرضي إلى الثاني العلوي للمحلات التجارية.<br />الطابق الثالث الى الطابق الثامن العلوي مخصص للمكاتب الإدارية والعيادات الطبية.<br /> <br /><span style=\"text-decoration: underline; font-size: 14pt;\"><strong>معلومات عن شركة جي دي هولدنج</strong></span><br />جي دي تاور العاصمة الإدارية من إنشاء شركة جي دي هولدنج القابضة للتطوير العقاري حيث أطلقت شركتي &ldquo;جبال للتطوير&rdquo; و&rdquo;أبو ظبى الوطنيه&rdquo; للأستثمار العقاري، شركة &ldquo;جي دي هولدنج&rdquo; القابضة للتطوير العقاري بالشراكة، لتنمية مشروعات عقارية في عدة مناطق والبدء من العاصمة الإدارية الجديدة.<br /> <br /><span style=\"text-decoration: underline; font-size: 14pt;\"><strong>موقع جي دي تاور العاصمة الإدارية</strong></span><br />يقع المشروع في منطقة الداون تاون Mu19 حى التنزه و التسوق بالعاصمة الادارية الجديدة يطل على 3 طرق رئيسية ناصية و فندق الماسة وعلى بعد خطوات من القصر الرئاسي ومجلس النواب.<br /> <br /><span style=\"text-decoration: underline; font-size: 14pt;\"><strong>خدمات J D tower new capital</strong></span><br />أكبر بحيرة صناعية في العاصمة الجديدة ذات شاطئ رملي لتمنح المكان منظر طبيعي رائع الجمال.<br />النافورة الراقصة التي تجذب إليها الكثير من الناس للاستمتاع بجمالها وإجراء جلسات التصوير المميزة أمامها.<br />نظام للطاقة الأحتياطية.<br />كاميرات مراقية.<br />نظام صوت.<br />دش مركزي.<br />متوفر في جي دي تاور العاصمة الإدارية نظام مكافحة الحرائق.<br />تكييف مركزي.<br />نظام للطاقة الشمسية.<br />لاند سكيب.<br />مصعد بانورامي.<br />جميع المكاتب في جي دي تاور العاصمة الإدارية تشطيب سوبر لوكس.<br />واجهة خارجية زجاجية مزدوجة.<br />تصميم داخلي حديث حديث وفاخر.<br />جراچ خاص للمول.<br />2 مدخل.<br />ولأول مرة فى الداون تاون مطاعم مزودة بخدمة الشراء من السيارة Drive Thru<br /> <br /> <span style=\"text-decoration: underline; font-size: 14pt;\"><strong>تفاصيل المشروع:</strong></span><br />الموقع: MU19<br />عدد الأدوار: أرضي و 10 دور<br />المساحات: من 30 متر<br />نسبه التحميـل: من %30<br />الصيانه : %10</p>\r\n<p style=\"margin: 0in; margin-bottom: .0001pt; text-align: right;\" align=\"right\"><br /><span style=\"text-decoration: underline; font-size: 14pt;\"><strong>الاسعار:</strong></span><br />تجاري &ndash; من 50 الف الى 100 الف<br />طبي &ndash; من 30 الف<br />ادارى &ndash; من 20الف</p>', NULL, NULL, 'J.D HOLDING', 38, 'ar', '2021-01-20 07:34:46', '2021-02-25 00:02:52');
INSERT INTO `project_translations` (`id`, `name`, `subtitle`, `description`, `indirect_sales`, `payment_methods`, `developer_company`, `project_id`, `locale`, `created_at`, `updated_at`) VALUES
(75, 'POINT 9 MALL', NULL, '<p><span style=\"font-size: 14pt;\"><strong><u>Information about Point 9 Administrative Capital</u></strong></span><br /> Point 9 Mall New Capital is the first project of Capital Hills Development, and it is the latest commercial projects within the New Administrative Capital, especially in the Downtown area, as it is distinguished by its location near many vital areas within&nbsp;the Administrative Capital.</p>\r\n<p><span style=\"font-size: 14pt;\"><strong><u>Information about the developer</u></strong></span><br /> Capital Hills Real Estate Company, which is one of the largest real estate companies in Egypt, and it is a pioneer in the development and construction of lands inside Egypt, and Capital Hills Real Estate participates in the construction of Point 9 Mall, the administrative capital, with a large real estate consultant, Arch Plan D.&nbsp;Ayman, and you will be one of the largest consulting firms in Egypt.</p>\r\n<p><span style=\"font-size: 14pt;\"><strong><u>Location:</u></strong></span><br /> Located in a very privileged location in the Administrative Capital in the Downtown commercial area in plot mu1 / 14, which is considered the largest commercial areas within the New Administrative Capital, which is located between many vital areas, and Point 9 Mall New Capital is located near Important areas, most notably:</p>\r\n<p>Al Massa Hotel.<br /> Banks area.<br /> Government district.<br /> Central station.<br /> Point 9 Mall services<br /> Backup power system.<br /> CCTV cameras.<br /> Sound system.<br /> Central shower.<br /> Firefighting system.<br /> Central air-conditioning.<br /> Solar system.<br /> Land scape.<br /> Panoramic elevator.<br /> Double glazed exterior.<br /> Modern and luxurious interior design.<br /> Parking.<br /> 2 entrance.<br /> Super Lux finishing offices.<br /> Theater for shows and parties.<br /> Food Court District.<br /> A sophisticated spa mirror.</p>\r\n<p>&nbsp;</p>\r\n<p><span style=\"text-decoration: underline; font-size: 14pt;\"><strong>Project Details:</strong></span></p>\r\n<p>Site: MU1 / 14<br /> Number of floors: ground and 10 floors<br /> Areas: administrative from 30 meters<br /> Commercial and medical of 20 meters<br /> Download percentage: from 30%<br /> Maintenance: % 10</p>\r\n<p>&nbsp;</p>\r\n<p><span style=\"text-decoration: underline; font-size: 14pt;\"><strong>Prices: </strong></span><br /> For administrative offices, it starts from 20 thousand pounds.<br /> For medical clinics, it starts from 28 thousand pounds.<br /> For shops, it starts from 45 thousand pounds.</p>\r\n<p><strong>Meter price for Cash:</strong></p>\r\n<p>Administrative offices starts from 14 thousand pounds.<br /> Shops start from 35 thousand pounds.</p>\r\n<p>&nbsp;</p>\r\n<p><span style=\"text-decoration: underline; font-size: 14pt;\"><strong>Payment system </strong></span><br />0% down payment and a premium of 5 years <br />10% down payment and a premium over 8 years<br />15% down payment and a premium of 10 years<br />20% down payment and a premium over 12 years<br />30% down payment and a premium over 15 years</p>', NULL, NULL, 'CAPITAL HILLS', 39, 'en', '2021-01-21 19:54:38', '2021-01-21 20:27:54'),
(76, 'POINT 9 MALL', NULL, '<p style=\"text-align: right;\"><span style=\"text-decoration: underline; font-size: 14pt;\"><strong>معلومات عن مول بوينت 9 العاصمة الإدارية</strong></span><br />مول بوينت 9 العاصمة الإدارية point 9 mall new capital اولى مشاريع شركة كابيتال هيلز للتطوير العقاري Capital hills Development، وهو أحدث المشاريع التجارية داخل العاصمة الادارية الجديدة بالأخص في منطقة الداون تاون، حيث أنه يتميز بوقعه بالقرب من الكثير من المناطق الحيوية داخل العاصمة الإدارية.<br /> <br /><span style=\"text-decoration: underline; font-size: 14pt;\"><strong>نبذة عن المطور:</strong></span><br />شركة كابيتال هيلز العقارية Capital hills Development وهى احد اكبر الشركات العقارية فى مصر و هي شركة رائدة فى تطوير وبناء الاراضي داخل مصر، وتشترك شركة كابيتال هيلز العقاري فى بناء مول بوينت 9 العاصمة الإدارية مع استشاري عقاري كبيرة وهو شركة Arch plan د. أيمن، وسوف تكون احد اكبر الشركات الاستشارية فى مصر.<br /> <br /><span style=\"text-decoration: underline; font-size: 14pt;\"><strong>مميزات POINT 9 MALL NEW CAPITAL</strong></span><br />يقع مول بوينت 9 العاصمة الإدارية فى موقع متميز للغاية فى العاصمة الإدارية فى منطقة الداون تاون التجارية فى القطعه mu1\\14، تعتبر أكبر المناطق التجارية داخل العاصمة الإدارية الجديدة والتى تقع بين الكثير من المناطق الحيوية، ويتميز بوقوعه بالقرب من مناطق مهمه <br /><span style=\"font-size: 12pt;\"><strong>ابرزهم:</strong></span><br />فندق الماسة.<br />منطقة البنوك.<br />الحي الحكومي.<br />المحطة المركزية.<br /> <br /><span style=\"text-decoration: underline; font-size: 14pt;\"><strong>خدمات مول بوينت 9 العاصمة الإدارية</strong></span><br />نظام للطاقة الأحتياطية.<br />كاميرات مراقية.<br />نظام صوت.<br />دش مركزي.<br />نظام مكافحة الحرائق.<br />تكييف مركزي.<br />نظام للطاقة الشمسية.<br />لاند سكيب.<br />مصعد بانورامي.<br />واجهة خارجية زجاجية مزدوجة.<br />تصميم داخلي حديث حديث وفاخر.<br />جراچ.<br />2 مدخل.<br />مكاتب تشطيب سوبر لوكس.<br />مسرح للعروض و الحفلات.<br />منطقة Food Court.<br />مركز صحى متطور للمرآه<br /> <br /><span style=\"text-decoration: underline; font-size: 14pt;\"><strong>تفاصيل المشروع:</strong></span><br />الموقع: MU1 / 14<br />عدد الطوابق: ارضي و 10 ادوار<br />المساحات: إداري من 30 متر<br />تجاري وطبي 20 متر<br />نسبة التحميل: من 30٪<br />الصيانة:٪ 10<br /> <br /><span style=\"font-size: 14pt;\"><strong><span style=\"text-decoration: underline;\">الأسعار:</span></strong></span><br />بالنسبة للمكاتب الإدارية يبدأ سعرها من 20 ألف جنيه<br />للعيادات الطبية يبدأ من 28 ألف جنيه<br />للمحلات التجارية يبدأ من 45 ألف جنيه<br /> <br /><strong>سعر المتر للكاش:</strong><br />مكاتب إدارية تبدأ من 14 ألف جنيه.<br />تبدأ المحلات التجارية من 35 ألف جنيه.<br /> <br /><span style=\"text-decoration: underline; font-size: 14pt;\"><strong>نظام السداد</strong></span><br />مقدم %0 و قسط علي 5 سنوات<br />مقدم %10 و قسط علي 8 سنوات<br />مقدم %15 و قسط علي 10 سنوات<br />مقدم %20 و قسط علي 12 سنوات<br />مقدم %30 و قسط علي 15 سنوات</p>', NULL, NULL, 'CAPITAL HILLS', 39, 'ar', '2021-01-21 19:54:38', '2021-01-21 20:27:54'),
(77, 'THE LOFT MALL - DOWNTOWN', NULL, '<p><span style=\"text-decoration: underline; font-size: 14pt;\"><strong>Information about The Loft Downtown Administrative Capital Mall</strong></span><br />The mall will be divided on the basis that the commercial units will be large in the mall because the ground floor and the upper first floor will be their share, and the administrative units will be on the entire second floor, knowing that the mall will be equipped with one pharmacy.<br />It will also be filled with many spaces to suit all customers, the primary purpose of building the mall is to provide a distinctive service to the owner or investor, and if you are looking for commercial or administrative units in a privileged location within the New Administrative Capital, specifically in its most important residential neighborhood, which is the Downtown, then the opportunity is available to you. Inside The Loft Administrative Capital Mall.<br /> <br /><span style=\"text-decoration: underline; font-size: 14pt;\"><strong>Real estate developer of The Loft Administrative Capital</strong></span><br />Living Yards Developments is the owner of the Loft Commercial Center in the Administrative Capital, as the owners of Living Yards are Hani Lawndy and Ayman Marzouq, and they are the same owners of I Homes Real Estate Development.<br /> <br />Living Yards\' projects, we find that it has built a number of independent buildings in the Fifth Settlement and in Heliopolis, about 60 buildings, and the owners of Living Yards have a long experience, and a previous experience of more than 30 years, in the field of investment and consumer goods.<br /> <br />Living Yards Developments is always looking for innovation and distinction in all ideas related to its projects, the most recent example of which is its latest project, the Living Yard Compound, in which the Living Yard Company has been approved.<br /> <br />A group of innovative and new ideas on the Egyptian real estate market, and the most prominent of these ideas is for the client to divide his apartment, according to his own needs, by sitting with a consultant from Dar Al Mimar Engineering Consultants.<br /> <br /><span style=\"text-decoration: underline; font-size: 14pt;\"><strong>The Loft Administrative Capital location</strong></span><br />The Loft Administrative Capital Mall is located in the Down Town area, the Administrative Capital, and the mall is distinguished by its location near many important vital areas within the New Administrative Capital, and those areas include: <br />Al Massa Hotel.<br />Banks area.<br />Government district.<br />Central station.<br /> <br /><span style=\"font-size: 14pt;\"><strong><span style=\"text-decoration: underline;\">The services provided by The Loft Mall New Capital.</span></strong></span><br />The distinctive location of The Loft Administrative Capital Mall is the first service it provides to its customers, because its presence in the New Administrative Capital is one of the first reasons for its success and the success of every investor who will participate in it.<br />Swimming pools, large green spaces for walking and running.<br />The special prices offered by the company are one of the major mall services because they are suitable for any investor.<br />Guarding the gates of the mall in addition to having security on all its floors.<br />Central air conditioning and a wellness center equipped with the latest equipment.<br />24-hour security and guarding.<br />Restaurants and cafes.<br />Places for barbecues and parties.<br />Kids area.<br />Garage dedicated to cars.<br />Sports playgrounds area.<br />Social and health club.</p>\r\n<p>&nbsp;</p>\r\n<p><span style=\"text-decoration: underline; font-size: 14pt;\"><strong>Project details:</strong></span><br />Location:<br />Number of floors: ground and 10 floors<br />Spaces: commercial from 30 m Administrative from 25 m<br />Download percentage: from 30%<br />Maintenance: 10% the</p>\r\n<p>&nbsp;</p>\r\n<p><span style=\"text-decoration: underline; font-size: 14pt;\"><strong>Prices:</strong></span><br />The ground floor ranges from 87 thousand per square meter to 115 thousand.<br />The first round, from 56 thousand per square meter to 84 thousand.<br />The second round, from 43 thousand per square meter to 60 thousand.<br />The rest of the roles (administrative) ranges from 20 thousand per square meter to 32 thousand.</p>\r\n<p>&nbsp;</p>\r\n<p><span style=\"text-decoration: underline; font-size: 14pt;\"><strong>Payment systems:</strong></span><br />0% downpayment and the remaining installments of the unit total over 5 years.<br />10% downpayment and installments up to 6 years.<br />20% downpayment and installments of the rest of the unit over 7 years.<br />25% down payment and installments + 5% upon receipt, and the rest of the unit over 8 years.</p>', NULL, NULL, 'LIVING YARDS', 40, 'en', '2021-01-21 20:50:42', '2021-01-21 21:11:33'),
(78, 'THE LOFT MALL - DOWNTOWN', NULL, '<p style=\"text-align: right;\">&nbsp;<span style=\"text-decoration: underline; font-size: 14pt;\"><strong>معلومات عن مول ذا لوفت الداون تاون العاصمة الإدارية</strong></span><br />سيتم تقسيم المول على أساس أن الوحدات التجارية سيكون عددها كبير في المول لأن الطابق الأرضي والطابق الأول العلوي سيكونا من نصيبها، أما الوحدات الإدارية فستكون في الطابق الثاني بالكامل، مع العلم أن المول سيكون مزود بصيدلية واحدة.<br />كما سيكون حافل بالمساحات العديدة لكي تناسب جميع العملاء فالغرض الأساسي من بناء المول هو توفير خدمة مميزة للمالك أو المستثمر، و إذا كنت تبحث عن وحدات تجارية أو إدارية في موقع متميز داخل العاصمة الإدارية الجديدة، وبالتحديد في أهم أحياءها السكنية وهو الداون تاون فالفرصة متاحة أمامك داخل مول ذا لوفت العاصمة الإدارية.</p>\r\n<p style=\"text-align: right;\">&nbsp;</p>\r\n<p style=\"text-align: right;\"><span style=\"text-decoration: underline; font-size: 14pt;\"><strong>المطور العقاري لمول ذا لوفت العاصمة الإدارية</strong></span><br />شركة ليفنج ياردز للتطوير العقاري Living Yards Developments هي الشركة المالكة لمركز لوفت التجاري بالعاصمة الإدارية، حيث ان مُلاك شركة ليفنج يارد هم هاني لاوندي و أيمن مرزوق، وهم نفسهم ملاك شركة أي هومز للتطوير العقاري.<br />مشروعات شركة ليفينج ياردز نجد أنها قامت بعمل عدد من العمائر المستقلة في التجمع الخامس وفي مصر الجديدة يصل عددها لحوالي 60 عمارة، و ملاك شركة ليفنج يارد لديهم باع طويل، وخبرة سابقة تمتد لأكثر من 30 عام، في مجال الاستثمار والسلع الإستهلاكية.<br />دائماً ما تبحث شركة ليفنج ياردز للتطوير العقاري Living Yards Developments عن الابتكار والتميز في كافة الأفكار المتعلقة بمشروعاتها، وأكبر مثال على ذلك مشروعها الأحدث وهو كمبوند ليفنج يارد الذي اعتمدت فيه شركة ليفنج يارد.<br />مجموعة من الأفكار المبتكرة والجديدة على السوق العقارية المصرية، وأبرز تلك الأفكار أن يقوم العميل بتقسيم الشقة الخاصة به، تبعاً لاحتياجاته الخاصة، وذلك بجلوسه مع استشاري من دار المعمار للاستشارات الهندسية.</p>\r\n<p style=\"text-align: right;\">&nbsp;</p>\r\n<p style=\"text-align: right;\"><span style=\"text-decoration: underline; font-size: 14pt;\"><strong>موقع مول ذا لوفت العاصمة الإدارية</strong></span><br />يقع مول ذا لوفت العاصمة الإدارية في منطقة الداون تاون العاصمة الإدارية و يتميز المول بوقوعه بالقرب من الكثير من المناطق الحيوية الهامة داخل العاصمة الادارية الجديدة ومن تلك المناطق:<br />فندق الماسة.<br />منطقة البنوك.<br />الحي الحكومي.<br />المحطة المركزية.</p>\r\n<p style=\"text-align: right;\">&nbsp;</p>\r\n<p style=\"text-align: right;\"><span style=\"text-decoration: underline; font-size: 14pt;\"><strong>الخدمات التي يقدمها مول ذا لوفت العاصمة الإدارية The Loft Mall New Capital</strong></span><br />موقع مول ذا لوفت العاصمة الإدارية المميز هو أول خدمة يقدمها لعملائه لأن وجوده بالعاصمة الإدارية الجديدة يعد من أولى أسباب نجاحه ونجاح كل مستثمر سيشارك فيه.<br />حمامات سباحة، مساحات خضراء شاسعة لممارسة رياضة المشي والجري.<br />الأسعار المميزة التي تطرحها الشركة تعد من كبرى خدمات المول لأنها تتناسب مع أي مستثمر.<br />الحراسة الخاصة ببوابات المول بالإضافة إلى وجود الأمن في كل طوابقه.<br />التكييف المركزي ومركز عافية مُجهزة بأحدث المعدات.<br />أمن وحراسة على مدار 24 ساعة.<br />مطاعم وكافيهات.<br />أماكن للشواء والحفلات.<br />منطقة مخصصة للأطفال.<br />جراج مخصص للسيارات.<br />منطقة ملاعب رياضية.<br />نادي إجتماعي وصحي.</p>\r\n<p style=\"text-align: right;\">&nbsp;</p>\r\n<p style=\"text-align: right;\"><span style=\"text-decoration: underline; font-size: 14pt;\"><strong>تفاصيل المشروع:</strong></span><br />الموقع :<br />عدد الأدوار: أرضي و 10 دور<br />المساحات: تجاري من 30م<br />إداري من 25م<br />نسبه التحميـل: من %30<br />الصيانه : %10</p>\r\n<p style=\"text-align: right;\"><span style=\"font-size: 14pt;\"><strong><span style=\"text-decoration: underline;\">الاسعار: </span></strong></span><br />الدور الأرضي من 87 ألف للمتر حتى 115 ألف<br />الدور الأول من 56 ألف للمتر حتى 84 ألف<br />الدور الثاني من 43 ألف للمتر حتى 60 ألف<br />باقي الأدوار (إداري) من 20 ألف للمتر حتى 32 ألف</p>\r\n<p style=\"text-align: right;\"><span style=\"text-decoration: underline; font-size: 14pt;\"><strong>نظام السداد</strong></span><br />0% مقدم وتقسيط باقي توتل الوحدة على 5 سنوات.<br />10% مقدم و تقسيط باقي توتل الوحده على 6 سنوات.<br />20% مقدم و تقسيط باقي توتل الوحدة على 7 سنوات.<br />25% مقدم و تقسيط +5% عند الاستلام وباقي توتل الوحدة على 8 سنوات.</p>', NULL, NULL, 'LIVING YARDS', 40, 'ar', '2021-01-21 20:50:42', '2021-01-21 21:13:34'),
(79, 'LAFAYETTE MALL', NULL, '<p><span style=\"text-decoration: underline; font-size: 12pt;\"><strong>Information about Lafayette Mall, the administrative capital</strong></span><br />Lafayette Mall new capital comes with more than a payment system and a long way in the payment, and the spaces are numerous to suit all individuals, and it is from a promising company in the field of real estate, which is the Home Town Company of the engineer Ziauddin Faraj Khalil.<br />laFayette Mall is the real investment for everyone looking for a unique opportunity that quickly pushes them on the road to success, as it is the first commercial mall only on the New Administrative Capital, offering a great opportunity for those looking for distinctive units in a luxurious mall with a great location.<br />It includes all facilities and contains entertainment services beyond imagination, so what are the most important specifications of this giant project, prices and spaces available in it, all of this and more will be presented in the following report only for luxury lovers.<br /> <br /><span style=\"text-decoration: underline; font-size: 12pt;\"><strong>The company developing the Fayette Mall, the administrative capital, Home Town Company</strong></span><br />HOMETOWN launched real estate development as an active company in the real estate investment sector, coinciding with the anniversary of the Egyptian state\'s celebrations of the Sixth of October 2017.<br />Where the company was founded on the shoulder of the engineer Dia El-Din Farag Khalil, who established and constructed more than 15 mega projects in the Fifth Settlement and New Cairo.<br />It also has major investments in the import and export sector, specifically in the spinning and weaving sector, and owns his own company located in the industrial zone that contributes to the Egyptian labor market by employing more than 5,000 employees and workers.<br />He shares in the management wide and long-standing experiences in the real estate investment sector in the Fifth Settlement, and experiences in managing many of the largest companies in New Cairo specifically, which creates a mixture of long-standing experience and a mature investment mentality.<br />Hometown Home Town real estate development seeks to represent a new and unique model at the same time, as the company aims to make a boom in the Egyptian real estate market, and a new idea of finding competitive advantages <br /> <br /><span style=\"text-decoration: underline; font-size: 12pt;\"><strong>Services and facilities in Lafayette Mall new capital</strong></span><br />Administrative sectors, capital shopping districts and public entertainment areas.<br />The petroleum companies sector is the airline and tourism sector.<br />The largest area for hiking and shopping in the administrative capital.<br />The first fully commercial mall in the Downtown area.<br />One minute Monorail central train station.<br />Luxury residential neighborhoods R7 &amp; R8.<br />Computer and technology markets.<br />The People\'s Assembly and the Council of Ministers.<br />It is located on an area of 25 thousand meters. <br />Real estate corporate sector.<br />Fashion and fashion markets.<br />Economic sectors.<br />Central station.<br />Banks area.<br />Central bank.<br />Government district.<br />Gold markets.<br /> <br /><span style=\"text-decoration: underline; font-size: 12pt;\"><strong>Project Details:</strong></span><br />Location: Part No. 1<br />Number of floors: ground and 5 floors<br />Spaces: start from 28 meters to 150 meters<br />Load Percentage: from 26%<br />Maintenance: %10<br /> <br /><span style=\"text-decoration: underline; font-size: 12pt;\"><strong>Prices:</strong></span><br />Ground: from 220 thousand per square meter<br />First: from 160 to 170 thousand per meter<br />The second: from 140 to 160 thousand per meter<br />The third: from 120 to 140 thousand per meter<br />Fourth: from 110 to 120 thousand per meter<br />Fifth: from 135 to 150 thousand per meter<br /> <br /><span style=\"text-decoration: underline; font-size: 12pt;\"><strong>Payment systems</strong></span><br />5% downpayment, and after 3 months have passed, 5% will be paid and the rest over 10 years installments.<br />10% downpayment, 5% discount and the rest over 10 years\' installments.<br />20% downpayment and installments up to 10 years.<br />Pay 30% and it is with a down payment of 20%, after 6 months 5% and after 12 months from the date of contracting 5%, and the start of installments are paid upon receipt.<br />Pay 40%, after a year has passed 5%, and after two years 5%, and this is at a 15% discount from the price of units and installments, starting from receipt.<br />Pay 40% with a 20% down payment, after 3 months 10%, and after 6 months 10%, you get a 13% discount, and the rest is paid in installments over 10 years, with the first installment after 6 months</p>', NULL, NULL, 'HOMETOWN', 41, 'en', '2021-01-25 22:06:45', '2021-01-25 22:11:01'),
(80, 'LAFAYETTE MALL', NULL, '<p style=\"text-align: right;\"><span style=\"text-decoration: underline; font-size: 12pt;\"><strong>معلومات عن لافاييت مول العاصمة الإدارية</strong></span></p>\r\n<p style=\"text-align: right;\">يأتي لافاييت مول العاصمة الإدارية Lafayette Mall new capital باكثر من نظام سداد و علي مدي بعيد في التسديد، كما ان المساحات مُتعدده لتناسب كافة الافراد، كما انة من شركة واعدة في مجال العقارات وهي شركة هوم تاون التابعة للمهندس ضياء الدين فرج خليل.</p>\r\n<p style=\"text-align: right;\">laFayette Mall هو الاستثمار الحقيقي لكل من يبحث عن فرصة مميزة تدفعه سريعًا في طريق النجاح، فهو أول مول تجاري فقط على أرض العاصمة الإدارية الجديدة، يقدم فرصة رائعة لمن يبحث عن وحدات مميزة في مول فخم بموقع رائع.</p>\r\n<p style=\"text-align: right;\">ويضم جميع المرافق ويحتوي على خدمات ترفيهية تفوق الخيال، فما هي أهم مواصفات هذا المشروع العملاق والأسعار والمساحات المتاحة فيه، كل هذا وأكثر سيتم عرضه عبر التقرير التالي فقط لعشاق الفخامة.</p>\r\n<p style=\"text-align: right;\">&nbsp;</p>\r\n<p style=\"text-align: right;\"><span style=\"text-decoration: underline; font-size: 12pt;\"><strong>الشركة المطورة للافاييت مول العاصمة الإدارية شركة هوم تاون</strong></span></p>\r\n<p style=\"text-align: right;\">انطلقت شركة هوم تاون HOMETOWN تطوير عقاري كشركة فاعِلة في قطاع الاستثمار العقاري تزامناً مع الذكرى السنوية باحتفالات الدولة المصرية بأعياد السادس من أكتوبر لعام 2017.</p>\r\n<p style=\"text-align: right;\">حيث أُسست الشركة على كتف المهندس ضياء الدين فرج خليل والذي قام بإنشاء وتشييد أكثر من 15 مشروع عملاق بالتجمع الخامس والقاهرة الجديدة.</p>\r\n<p style=\"text-align: right;\">كما أن له استثمارات كبيرة في قطاع الاستيراد والتصدير بالتحديد في قطاع الغزل والنسيج، ويمتلك شركته الخاصة الواقعة بالمنطقة الصناعية والتي تُسهم في سوق العمل المصري بتشغيل أكثر من 5000 موظف وعامل.</p>\r\n<p style=\"text-align: right;\">ويشاركه في الإدارة خبرات واسعة وعريقة في قطاع الاستثمار العقاري بالتجمع الخامس، وخبرات في إدارة العديد من كبرى الشركات بالقاهرة الجديدة تحديدًا، مما يخلق مزيجًا من الخبرة العريقة والعقلية الاستثمارية الناضجة.</p>\r\n<p style=\"text-align: right;\">وتسعى شركة Hometown هوم تاون للتطوير العقاري لأن تمثل نموذجًا جديدًا وفريدًا في نفس الوقت، حيث تهدف الشركة لأن تُحدث طفرة في السوق العقاري المصري، وفكرًا جديد في إيجاد مميزات تنافسية تناسب وتخدم رغبات العملاء والسوق المصري معًا، مُحققًا بذلك المعادلة الصعبة.</p>\r\n<p style=\"text-align: right;\">&nbsp;</p>\r\n<p style=\"text-align: right;\"><span style=\"text-decoration: underline; font-size: 12pt;\"><strong>الخدمات والمرافق في مول Lafayette Mall new capital</strong></span></p>\r\n<p style=\"text-align: right;\">القطاعات الإدارية ومناطق التسوق العاصمة ومناطق الترفيه العامة.</p>\r\n<p style=\"text-align: right;\">قطاع شركات البترول قطاع شركات الطيران والسياحة .</p>\r\n<p style=\"text-align: right;\">اكبر منطقة للتنزه والتسوق فى العاصمه الإدارية.</p>\r\n<p style=\"text-align: right;\">اول مول تجارى بالكامل في منطقة الداون تاون.</p>\r\n<p style=\"text-align: right;\">دقيقة واحده محطة قطار المونوريل المركزية.</p>\r\n<p style=\"text-align: right;\">احياء سكنية فاخرة منطقة R7 &amp;R8.</p>\r\n<p style=\"text-align: right;\">اسواق الكمبيوتر والتكنولوجيا.</p>\r\n<p style=\"text-align: right;\">مجلس الشعب ومجلس الوزراء.</p>\r\n<p style=\"text-align: right;\">يقع على مساحة 25 ألف متر.</p>\r\n<p style=\"text-align: right;\">قطاع شركات العقارات.</p>\r\n<p style=\"text-align: right;\">اسواق الموضة والازياء.</p>\r\n<p style=\"text-align: right;\">القطاعات الاقتصادية.</p>\r\n<p style=\"text-align: right;\">المحطة المركزية.</p>\r\n<p style=\"text-align: right;\">منطقة البنوك.</p>\r\n<p style=\"text-align: right;\">البنك المركزي.</p>\r\n<p style=\"text-align: right;\">الحي الحكومي.</p>\r\n<p style=\"text-align: right;\">أسواق الذهب.</p>\r\n<p style=\"text-align: right;\">&nbsp;</p>\r\n<p style=\"text-align: right;\"><span style=\"text-decoration: underline; font-size: 12pt;\"><strong>تفاصيل المشروع:&nbsp;</strong></span></p>\r\n<p style=\"text-align: right;\">الموقع : القطعه رقم 1</p>\r\n<p style=\"text-align: right;\">عدد الأدوار: أرضي و 5 دور&nbsp;</p>\r\n<p style=\"text-align: right;\">المساحات: تبدأ من 28 متر إلي 150متر</p>\r\n<p style=\"text-align: right;\">نسبه التحميـل: من %26</p>\r\n<p style=\"text-align: right;\">الصيانه : %10</p>\r\n<p style=\"text-align: right;\">&nbsp;</p>\r\n<p style=\"text-align: right;\"><span style=\"font-size: 12pt;\"><strong><span style=\"text-decoration: underline;\">الاسعار:</span></strong></span></p>\r\n<p style=\"text-align: right;\">الارضي: من 220الف للمتر</p>\r\n<p style=\"text-align: right;\">الاول: من 160 الي 170 الف للمتر</p>\r\n<p style=\"text-align: right;\">الثاني: من 140 الي 160 الف للمتر</p>\r\n<p style=\"text-align: right;\">الثالث: من 120 الي 140 الف للمتر</p>\r\n<p style=\"text-align: right;\">الرابع: من 110 الي 120 الف للمتر</p>\r\n<p style=\"text-align: right;\">الخامس: من 135 الي 150 الف للمتر</p>\r\n<p style=\"text-align: right;\">&nbsp;</p>\r\n<p style=\"text-align: right;\"><span style=\"text-decoration: underline; font-size: 12pt;\"><strong>انظمة السداد:</strong></span></p>\r\n<p style=\"text-align: right;\">مقدم 5 % وبعد مرور 3 أشهر يتم دفع 5 % وتقسيط الباقي علي 10 سنوات</p>\r\n<p style=\"text-align: right;\">مقدم بداية من 10 % خصم 5 % وتقسيط الباقي علي 10 سنوات</p>\r\n<p style=\"text-align: right;\">مقدم 20 % وتقسيط الباقي علي 10 سنوات</p>\r\n<p style=\"text-align: right;\">دفع 30 % ويكون بمقدم 20 % وبعد 6 أشهر 5 % وبعد 12 شهر من تاريخ التعاقد 5 % ودفع بداية الأقساط عند الاستلام.</p>\r\n<p style=\"text-align: right;\">دفع 40 % وبعد مرور سنة 5 % وبعد مرور سنتين 5 % وهذا بخصم 15 % من سعر الوحدات والأقساط تكون بداية من الاستلام</p>\r\n<p style=\"text-align: right;\">دفع 40 % بمقدم 20 % وبعد 3 أشهر 10 % وبعد 6 أشهر 10 % وتحصل على خصم 13 % ويتم تقسيط الباقي علي 10 سنوات على أن يكون القسط الأول بعد 6 أشهر.</p>', NULL, NULL, 'HOMETOWN', 41, 'ar', '2021-01-25 22:06:45', '2021-01-25 22:06:45'),
(81, 'SKY CITY', NULL, '<p>Sky City, Galala, is the creation of Pyramids for Real Estate Development</p>\r\n<p>The project is located in the city of Galala, Ain Sokhna</p>\r\n<p>&nbsp;</p>\r\n<p>Services</p>\r\n<p>A group of the best restaurants and cafes</p>\r\n<p>Waterfalls, swimming pools and rock pools</p>\r\n<p>Tree forests in tropical shape and style</p>\r\n<p>Green spaces and stunning landscapes</p>\r\n<p>Continuous security and guarding around the clock</p>\r\n<p>Lake 8 acres of sea water</p>\r\n<p>&nbsp;</p>\r\n<p>The prices:</p>\r\n<p>The average price per square meter ranges from 25,000 to 28,000</p>\r\n<p>&nbsp;</p>\r\n<p>Payment Systems:</p>\r\n<p>Different and varied payment systems and large facilities that distinguish them from others</p>\r\n<p>5% down payment + 5% after 3 months ----- 8 years in installments<br />10% down payment ------ 10 years in installments</p>\r\n<p>__________</p>\r\n<p>30% down payment and the first installment after receipt for a period of five years<br />With a return of 12% for two years and a half</p>\r\n<p>35% down payment and the first installment after receipt for a period of five years<br />With a return of 14% for two years and a half</p>\r\n<p>40% down payment and the first installment after receipt for a period of five years<br />With a return of 16% for a period of two and a half years</p>\r\n<p>For the first time in the real estate market<br />50% down payment and the first installment after receipt for a period of five years<br />With a return of 17% for a period of two and a half years</p>\r\n<p>With the possibility of recovering the full amount at the time of receipt without any deduction in the event of unwillingness to receive the unit with a 50% prepayment system</p>\r\n<p>&nbsp;</p>', NULL, NULL, 'PYRAMIDS', 42, 'en', '2021-03-01 10:18:55', '2021-05-18 07:16:53'),
(82, 'SKY CITY', NULL, '<p style=\"text-align: right;\"><span style=\"font-size: 12pt;\"><strong><span style=\"font-family: arial, helvetica, sans-serif;\">مدينة السحاب بالجلالة هي من إنشاء شركة بيراميدزللتطويرالعقاري</span></strong></span></p>\r\n<p style=\"text-align: right;\"><span style=\"font-size: 12pt;\"><strong><span style=\"font-family: arial, helvetica, sans-serif;\">&nbsp;يقع المشروع في مدينة الجلالة العين السخنة</span></strong></span></p>\r\n<p style=\"text-align: right;\"><strong><span style=\"font-family: arial, helvetica, sans-serif;\">&nbsp;</span></strong></p>\r\n<p style=\"text-align: right;\"><span style=\"font-size: 14pt;\"><strong><span style=\"font-family: arial, helvetica, sans-serif;\">الخدمات</span></strong></span></p>\r\n<p style=\"text-align: right;\"><span style=\"font-size: 12pt;\"><strong><span style=\"font-family: arial, helvetica, sans-serif;\"> مجموعة من أفضل المطاعم و الكافيهات </span></strong></span></p>\r\n<p style=\"text-align: right;\"><span style=\"font-size: 12pt;\"><strong><span class=\"pq6dq46d tbxw36s4 knj5qynh kvgmc6g5 ditlmg2l oygrvhab nvdbi5me sf5mxxl7 gl3lb2sf hhz5lgdu\" style=\"font-family: arial, helvetica, sans-serif;\"> شلالات مائية و حمامات سباحة و مسابح صخرية </span></strong></span></p>\r\n<p style=\"text-align: right;\"><span style=\"font-size: 12pt;\"><strong><span class=\"pq6dq46d tbxw36s4 knj5qynh kvgmc6g5 ditlmg2l oygrvhab nvdbi5me sf5mxxl7 gl3lb2sf hhz5lgdu\" style=\"font-family: arial, helvetica, sans-serif;\"> غابات شجرية علي الشكل و الطراز الإستوائي</span></strong></span></p>\r\n<p style=\"text-align: right;\"><span style=\"font-size: 12pt;\"><strong><span class=\"pq6dq46d tbxw36s4 knj5qynh kvgmc6g5 ditlmg2l oygrvhab nvdbi5me sf5mxxl7 gl3lb2sf hhz5lgdu\" style=\"font-family: arial, helvetica, sans-serif;\"> مساحات خضراء و مناظر طبيعية خلابة </span></strong></span></p>\r\n<p style=\"text-align: right;\"><span style=\"font-size: 12pt;\"><strong><span class=\"pq6dq46d tbxw36s4 knj5qynh kvgmc6g5 ditlmg2l oygrvhab nvdbi5me sf5mxxl7 gl3lb2sf hhz5lgdu\" style=\"font-family: arial, helvetica, sans-serif;\"> امن و حراسة مستمرة علي مدار الساعة </span></strong></span></p>\r\n<p style=\"text-align: right;\"><span style=\"font-size: 12pt;\"><strong><span class=\"pq6dq46d tbxw36s4 knj5qynh kvgmc6g5 ditlmg2l oygrvhab nvdbi5me sf5mxxl7 gl3lb2sf hhz5lgdu\" style=\"font-family: arial, helvetica, sans-serif;\">بحيرة 8&nbsp; فدان من مياه البحر</span></strong></span></p>\r\n<p style=\"text-align: right;\"><strong><span style=\"font-family: arial, helvetica, sans-serif;\">&nbsp;</span></strong></p>\r\n<p style=\"text-align: right;\"><span style=\"font-size: 14pt;\"><strong><span style=\"font-family: arial, helvetica, sans-serif;\"><span class=\"pq6dq46d tbxw36s4 knj5qynh kvgmc6g5 ditlmg2l oygrvhab nvdbi5me sf5mxxl7 gl3lb2sf hhz5lgdu\">الاسعار:</span></span></strong></span></p>\r\n<p style=\"text-align: right;\"><span style=\"font-size: 12pt;\"><strong><span class=\"pq6dq46d tbxw36s4 knj5qynh kvgmc6g5 ditlmg2l oygrvhab nvdbi5me sf5mxxl7 gl3lb2sf hhz5lgdu\" style=\"font-family: arial, helvetica, sans-serif;\">&nbsp;يتراوح متوسط سعر المتر من 25000 الي&nbsp;28000</span></strong></span></p>\r\n<p style=\"text-align: right;\"><strong><span style=\"font-family: arial, helvetica, sans-serif;\">&nbsp;</span></strong></p>\r\n<p style=\"text-align: right;\"><span style=\"font-size: 14pt;\"><strong><span style=\"font-family: arial, helvetica, sans-serif;\"><span class=\"pq6dq46d tbxw36s4 knj5qynh kvgmc6g5 ditlmg2l oygrvhab nvdbi5me sf5mxxl7 gl3lb2sf hhz5lgdu\">أنظمة سداد:</span></span></strong></span></p>\r\n<p style=\"text-align: right;\"><span style=\"font-size: 12pt;\"><strong><span style=\"font-family: arial, helvetica, sans-serif;\"><span class=\"pq6dq46d tbxw36s4 knj5qynh kvgmc6g5 ditlmg2l oygrvhab nvdbi5me sf5mxxl7 gl3lb2sf hhz5lgdu\">أنظمة سداد مختلفة و متنوعة&nbsp;</span>و تسهيلات كبيرة تتميز بها عن غيرها</span></strong></span></p>\r\n<div id=\"tw-target-text-container\" class=\"tw-ta-container hide-focus-ring tw-lfl\" style=\"text-align: right;\" tabindex=\"0\">\r\n<p><strong><span style=\"font-family: arial, helvetica, sans-serif;\">5٪ مقدم + 5٪ بعد 3 شهور----- 8 سنين تقسيط </span></strong><br /><strong><span style=\"font-family: arial, helvetica, sans-serif;\">10٪ مقدم ------ 10 سنين تقسيط</span></strong></p>\r\n<p><strong><span style=\"font-family: arial, helvetica, sans-serif;\">__________</span></strong></p>\r\n<p><strong><span style=\"font-family: arial, helvetica, sans-serif;\">30٪ مقدم واول قسط بعد الاستلام لمده خمس سنين </span></strong><br /><strong><span style=\"font-family: arial, helvetica, sans-serif;\">بعائد 12٪ لمده سنيتن ونص</span></strong></p>\r\n<p><strong><span style=\"font-family: arial, helvetica, sans-serif;\">35٪ مقدم واول قسط بعد الاستلام لمده خمس سنين </span></strong><br /><strong><span style=\"font-family: arial, helvetica, sans-serif;\">بعائد 14٪ لمده سنيتن ونص</span></strong></p>\r\n<p><strong><span style=\"font-family: arial, helvetica, sans-serif;\">40٪ مقدم واول قسط بعد الاستلام لمده خمس سنين </span></strong><br /><strong><span style=\"font-family: arial, helvetica, sans-serif;\">بعائد يصل ل 16٪ لمده سنتين ونص </span></strong></p>\r\n<p><strong><span style=\"font-family: arial, helvetica, sans-serif;\">ولأول مره بالسوق العقار </span></strong><br /><strong><span style=\"font-family: arial, helvetica, sans-serif;\">50٪ مقدم واول قسط بعد الاستلام لمده خمس سنين </span></strong><br /><strong><span style=\"font-family: arial, helvetica, sans-serif;\">بعائد 17٪ لمده سنتين ونص</span></strong></p>\r\n<p><strong><span style=\"font-family: arial, helvetica, sans-serif;\">مع امكانيه استرداد كامل المبلغ في وقت الاستلام بدون اي خصم في حاله عدم الرغبه في استلام الوحده بنظام 50٪ مقدم</span></strong></p>\r\n<p><strong><span style=\"font-family: arial, helvetica, sans-serif;\">&nbsp;</span></strong></p>\r\n</div>', NULL, NULL, 'PYRAMIDS', 42, 'ar', '2021-03-01 10:18:55', '2021-05-18 07:16:53'),
(83, 'ECL Downtown Mall', NULL, '<p><span style=\"text-decoration: underline;\"><strong>Information about ECL Downtown Mall </strong></span><br />- The project area is 3450 meters<br />- Ground, first and second floors: commercial. The rest of the building is completely administrative<br />- The mall overlooks the best view in the Downtown: it overlooks the central garden, which is on an area of 40 acres<br />- An open view to the tourist walkway with a width of 120 meters in green areas and on a street with a width of 40 meters<br />- The engineering consultant: Prof. Dr Walid Abdel Ghaffar.<br />- For the first time in the administrative capital, hologram technology, which will guarantee you the operation of the mall<br />- For the first time in the administrative capital, in instalments over 20 years, without bank procedures.<br />- (Fully finished with air conditioners)<br /> <br /><span style=\"text-decoration: underline;\"><strong>Project details: </strong></span><br />- Location: MU02 - 37<br />- Number of floors: 2 Basements + Ground + 10 floors<br />- Spaces: <br />*Administrative: Starts from 15m<br />*Commercial: Starts from 27m<br />- Loading ratio: from 30%<br />- Maintenance: 10%<br /> <br /><span style=\"text-decoration: underline;\"><strong>Prices:</strong></span><br />- Administrative: Starts from 18 Thousand<br />- Commercial: Starts from 55 Thousand<br /> <br /><span style=\"text-decoration: underline;\"><strong>Payment Systems:</strong></span><br />O% Downpayment, over 6 years<br />10% Downpayment, over 7 years<br />15% Downpayment, over 8 years<br />20% Downpayment, over 9 years<br />25% Downpayment, over 10 years<br />30% Downpayment, over 12 years<br />35% Downpayment, over 14 year<br />50% Downpayment, over 20 years<br />All payments equal instalments</p>', NULL, NULL, 'Eight development', 43, 'en', '2021-04-06 16:43:40', '2021-04-06 16:58:44'),
(84, 'ECL Downtown Mall', NULL, '<p style=\"text-align: right;\"><span style=\"text-decoration: underline;\"><strong>معلومات عن ECL داون تاون مول</strong></span><br />- مساحة المشروع 3450 متر<br />- الدور الأرضي والأول والثاني: تجاري. باقي المبنى إداري بالكامل<br />- المول يطل على افضل اطلالة بوسط البلد: يطل على الحديقة المركزية والتي تبلغ مساحتها 40 فدان<br />- منظر مفتوح للممشى السياحى بعرض 120 متر بالمسطحات الخضراء وعلى شارع بعرض 40 متر<br />- المستشار الهندسي: أ.د / وليد عبد الغفار.<br />- ولأول مرة بالعاصمة الادارية تقنية الهولوغرام والتي ستضمن لك تشغيل المول<br />- ولأول مرة بالعاصمة الادارية بالتقسيط على 20 سنة بدون إجراءات بنكية.<br />- (تشطيب كامل بالمكيفات)<br /> <br /><span style=\"text-decoration: underline;\"><strong>تفاصيل المشروع:</strong></span><br />- الموقع: MU02 - 37<br />- عدد الأدوار: 2 بدروم + أرضي + 10 أدوار<br />- المساحات:<br />* إداري: يبدأ من 15 م<br />* تجاري: يبدأ من 27 م<br />- نسبة التحميل: من 30٪<br />- الصيانة: 10٪<br /> <br /><span style=\"text-decoration: underline;\"><strong>الأسعار:</strong></span><br />- إداري: يبدأ من 18 ألف<br />- تجاري: يبدأ من 55 ألف<br /> <br /><span style=\"text-decoration: underline;\"><strong>أنظمة السداد:</strong></span><br />0٪ مقدم ، على 6 سنوات<br />10٪ مقدم ، على 7 سنوات<br />15٪ مقدم ، علي 8 سنوات<br />20٪ مقدم ، على 9 سنوات<br />25٪ مقدم ، على 10 سنوات<br />30٪ مقدم ، على 12 سنة<br />35٪ مقدم ، علي 14 سنة<br />50٪ مقدم ، على 20 سنة<br />جميع الأقساط متساوية</p>', NULL, NULL, 'Eight development', 43, 'ar', '2021-04-06 16:43:40', '2021-04-06 17:04:04'),
(85, 'Podia Tower', NULL, '<p>Information on Podia Tower<br />The project is built on an area of ​​19782 meters<br />It consists of commercial, administrative and medical units<br />- Ground, first and second floors (commercial units)<br />From the third to the sixth floor (medical units)<br />From the seventh floor to 25 (administrative units)<br />- All units see the Green River directly, without exception</p>\r\n<p>Project details:<br />Location: MU3 - 1<br />Number of floors: Ground + 25 floors<br />Spaces:<br />Administrative: It starts from 66 AD<br />* Commercial: starts from 42 m<br />- Download percentage: from 30%<br />Maintenance: 8%</p>\r\n<p>The prices:<br />The price of commercial units starts from 45,000 per square meter<br />As for the administrative units, the price per square meter starts from 35,000</p>\r\n<p>Payment systems:<br />- 8% down payment, Over 6 years <br />- 12% down payment, Over 7 years<br />- 20% down payment, Over 8 years <br />- 25% down payment, Over 9 years <br />- 30% down payment, Over 10 years<br />- 40% down payment, Over 12 years<br />+ 8% maintenance.<br />Delivery after 4 years. </p>', NULL, NULL, 'Menassat Development', 44, 'en', '2021-04-06 21:49:13', '2021-04-06 21:49:13'),
(86, 'Podia Tower', NULL, '<p style=\"text-align: right;\">معلومات عن Podia Tower<br />- المشروع علي مساحة 19782 مترا<br />- يتكون من وحدات تجارية و ادارية و طبية<br />- الدور الارضي و الاول و الثاني ( وحدات تجارية )<br />- من الدور الثالث لـ السادس ( وحدات طبية ) <br />- من الدور السابع لـ 25 (وحدات ادارية )<br />- جميع الوحدات تري النهر الأخضر مباشرة بدون استثناء</p>\r\n<p style=\"text-align: right;\">تفاصيل المشروع:<br />- الموقع: MU3 - 41<br />- عدد الأدوار: أرضي + 25 دور<br />- المساحات:<br />* إداري: يبدأ من 66 م<br />* تجاري: يبدأ من 42 م<br />- نسبة التحميل: من 30٪<br />- الصيانة: 8٪</p>\r\n<p style=\"text-align: right;\">الأسعار:<br />- يبدا سعر الوحدات التجارية من 45,000 للمتر<br />- اما الوحدات الادارية يبدا سعر المتر من 35,000</p>\r\n<p style=\"text-align: right;\">خطة الدفع<br />- 8٪ مقدم و 6 سنوات<br />12٪ مقدم و 7 سنوات<br />- 20٪ مقدم و 8 سنوات<br />- 25٪ مقدم و 9 سنوات<br />30٪ مقدم و 10 سنوات<br />40٪ دفعة أولى - فوق 12 سنة<br />+ 8٪ صيانة.<br />التسليم بعد 4 سنوات.</p>\r\n<p style=\"text-align: right;\">&nbsp;</p>', NULL, NULL, 'Menassat Development', 44, 'ar', '2021-04-06 21:49:13', '2021-04-06 21:49:13'),
(87, 'Sixty Iconic Tower', NULL, '<p><span style=\"font-size: 12pt;\"><strong>Information about Sixty Iconic Tower</strong></span></p>\r\n<p>Sixty iconic tower, the administrative capital, the latest project of Al-Burouj Egypt, for the first time, will be sold in the iconic towers area of ​​the city.<br />A vision that reflects your needs, a tower designed on international standards as the first project in the central business district with a direct view of the tallest tower in Africa, the iconic tower, the details of the tower, ground + 40 floors, 4 underground garages (commercial - administrative - medical - hotel).<br />Asim Al-Jazzar indicated that the central business district &ldquo;CBD&rdquo; was planned and designed to be the jewel in the crown in the new administrative capital, as it provides a mixed-use complex, including what is administrative, what is commercial and entertainment, and a hotel, and another residential, which will qualify the area to become A symbol of civilization and progress.<br />Central facilities, which include a central cooling plant and power supply center, in addition to garages and internal roads.</p>\r\n<p>&nbsp;</p>\r\n<p><span style=\"font-size: 12pt;\"><strong>Project details:</strong></span></p>\r\n<p>Location: In front of the Central Business District (CBD)<br />Number of floors: Ground + 40 floors<br />Spaces:<br />Administrative: From 51 meters (floor 6 to 19)<br />* Commercial: from 32 meters (ground floor) and from 52 meters (first floor)</p>\r\n<p>* Medical: from 51 meters (fourth floor)</p>\r\n<p>* Hotel apartments: from 50 meters (24th and 25th floors)</p>\r\n<p>Maintenance: 10%</p>\r\n<p>&nbsp;</p>\r\n<p><span style=\"font-size: 12pt;\"><strong>Prices:</strong></span></p>\r\n<p>* Commercial: from 100,000 to 200,000</p>\r\n<p>* Medical: from 36,000</p>\r\n<p>* Administrative: from 36,000 to 46,000</p>\r\n<p>* Hotel apartments: from 44,000 to 45,000</p>\r\n<p>&nbsp;</p>\r\n<p><span style=\"font-size: 12pt;\"><strong>Payment Systems:</strong></span></p>\r\n<p>10% downpayment * installments up to 7 years<br />15% downpayment * installments up to 8 years<br />20% downpayment * installments up to 10 years</p>', NULL, NULL, 'Alborouj', 45, 'en', '2021-04-07 21:14:22', '2021-04-08 04:48:33'),
(88, 'Sixty Iconic Tower', NULL, '<p style=\"text-align: right;\"><strong>معلومات عن Sixty Iconic Tower</strong></p>\r\n<p style=\"text-align: right;\">سيكستي ايكونيك تاور العاصمة الإدارية Sixty iconic tower أحدث مشاريع شركة البروج مصر لأول مرة سيتم البيع في منطقه الـ iconic towers البروچ مصر.</p>\r\n<p style=\"text-align: right;\">رؤية تعكس احتياجاتك، برج مصمم على المعايير العالمية كأول مشروع في منطقة الأعمال المركزية بإطلالة مباشرة على أعلى برج في أفريقيا البرج الأيقوني، تفاصيل البرج ارضي+ 40 دورـ&nbsp; 4 جراج تحت الارض ( تجاري &ndash; اداري &ndash; طبي &ndash; فندقى).</p>\r\n<p style=\"text-align: right;\">حيث أشار عاصم الجزار، أنه تم تخطيط وتصميم منطقة الأعمال المركزية &ldquo;CBD&rdquo; على أن تكون جوهرة التاج في العاصمة الإدارية الجديدة، إذ توفر مجمعاً متعدد الاستخدامات منها ما هو إداري، وما هو تجاري وترفيهي، وفندقي، وآخر سكني، وهو ما سيؤهل المنطقة لتصبح رمزاً للحضارة والتقدم.</p>\r\n<p style=\"text-align: right;\">المرافق المركزية والتي تحتوي على محطة تبريد مركزي ومركز إمداد للطاقة، بالإضافة إلى الجراجات والطرق الداخلية.</p>\r\n<p style=\"text-align: right;\">&nbsp;</p>\r\n<p style=\"text-align: right;\"><strong>تفاصيل المشروع:</strong></p>\r\n<p style=\"text-align: right;\">- الموقع: أمام منطقة الأعمال المركزية (CBD)</p>\r\n<p style=\"text-align: right;\">- عدد الأدوار: أرضي + 40 دور</p>\r\n<p style=\"text-align: right;\">- المساحات:</p>\r\n<p style=\"text-align: right;\">* تجاري: من 32 متر (الدور الارضي) و من 52 متر (الدور الأول)</p>\r\n<p style=\"text-align: right;\">*طبي: من 51 متر (الدور الرابع)</p>\r\n<p style=\"text-align: right;\">* إداري: &nbsp;من 51 متر (الدور 6 إلي 19)</p>\r\n<p style=\"text-align: right;\">*شقق فندقية: من 50 متر (الدور ال24 و ال25)</p>\r\n<p style=\"text-align: right;\">- الصيانة: 10%</p>\r\n<p style=\"text-align: right;\">&nbsp;</p>\r\n<p style=\"text-align: right;\"><strong>الأسعار:</strong></p>\r\n<p style=\"text-align: right;\">* تجاري: من 100,000 إلي 200,000</p>\r\n<p style=\"text-align: right;\">*طبي: من 36,000</p>\r\n<p style=\"text-align: right;\">* إداري: من 36,000 إلي 46,000</p>\r\n<p style=\"text-align: right;\">*شقق فندقية: من 44,000 إلي 45,000</p>\r\n<p style=\"text-align: right;\">&nbsp;</p>\r\n<p style=\"text-align: right;\"><strong>أنظمة السداد:</strong></p>\r\n<p style=\"text-align: right;\">مقدم 10٪ * أقساط حتي 7 سنوات</p>\r\n<p style=\"text-align: right;\">مقدم 15٪ * أقساط حتي 8 سنوات</p>\r\n<p style=\"text-align: right;\">مقدم 20٪ * أقساط حتي 10 سنوات</p>', NULL, NULL, 'Alborouj', 45, 'ar', '2021-04-07 21:14:22', '2021-04-07 21:14:22'),
(89, 'Quattro Mall', NULL, NULL, NULL, NULL, 'Horizona Development', 46, 'en', '2021-05-17 16:57:38', '2021-05-17 16:57:38'),
(90, 'Quattro Mall', NULL, NULL, NULL, NULL, NULL, 46, 'ar', '2021-05-17 16:57:38', '2021-05-17 16:57:38'),
(91, 'Solidere Mall', NULL, '<p><strong><u>Location &amp; Specs.</u></strong></p>\r\n<ul>\r\n<li>The mall is located at the entrance of the Downtown and the first of the multi-use malls</li>\r\n<li>The mall is in pieces 1 and 2, and the decision was made to join the two pieces to become one floor</li>\r\n<li>The floor space is characterized by a larger area than all the adjacent plots</li>\r\n<li>The mall has 3 destinations on 3 main roads, u width of 70 m, 40 m and 40 m</li>\r\n<li>The mall is ground floor and has 8 typical floors</li>\r\n<li>The multiplicity of activities in the mall, between commercial, ground, first, medical, and administrative, in the recurring floors</li>\r\n</ul>\r\n<p><strong><u><br /> Areas</u></strong></p>\r\n<ul>\r\n<li>The spaces start in all activities (commercial, administrative and medical) from 25m</li>\r\n</ul>\r\n<p>&nbsp;</p>\r\n<p><strong><u>Prices:</u></strong></p>\r\n<ul>\r\n<li>Commercial from 75 to 130 Thousands</li>\r\n<li>Administrative from 29 Thousands</li>\r\n</ul>\r\n<p><strong>&nbsp;</strong></p>\r\n<p><strong><u>Payment systems for all activities (commercial - administrative - medical)</u></strong></p>\r\n<ul>\r\n<li>10% downpayment of equal quarterly payments for a period of 7 years</li>\r\n<li>15% downpayment of equal quarterly payments for a period of 8 years</li>\r\n<li>25% downpayment, equal quarterly payments for a period of 9 years</li>\r\n<li>10% split maintenance deposit upon receipt of two and a half years</li>\r\n</ul>\r\n<p>- 8% maintenance</p>\r\n<p>- 2% marketing</p>\r\n<p>&nbsp;</p>', NULL, NULL, 'Waren Development', 47, 'en', '2021-05-19 19:50:25', '2021-05-19 19:53:05'),
(92, 'Solidere Mall', NULL, '<p>&nbsp;</p>\r\n<pre id=\"tw-target-text\" class=\"tw-data-text tw-text-large XcVN5d tw-ta\" dir=\"rtl\" data-placeholder=\"Translation\"><span class=\"Y2IQFc\" lang=\"ar\" style=\"font-family: \'arial black\', sans-serif;\"><span style=\"text-decoration: underline;\"><strong>الموقع والمواصفات.\r\n</strong></span>\r\nيقع المول على مدخل وسط المدينة وأول المولات متعددة الاستخدامات\r\nالمركز التجاري مكون من قطعتين 1 و 2 ، وتم اتخاذ القرار بضم القطعتين لتصبح طابقًا واحدًا\r\nتتميز مساحة الأرضية بمساحة أكبر من جميع القسائم المجاورة\r\nيحتوي المول على 3 وجهات على 3 طرق رئيسية بعرض 70 متر و 40 متر و 40 متر\r\nيقع المركز التجاري في الطابق الأرضي ويتكون من 8 طوابق نموذجية\r\nتعدد الأنشطة في المول بين تجاري وأرضي وأول وطبي وإداري في الأدوار المتكررة.\r\n\r\n<span style=\"text-decoration: underline;\"><strong>المساحات\r\n</strong></span>\r\nتبدأ المساحات بجميع الأنشطة (التجارية والإدارية والطبية) من 25 م\r\n\r\n\r\n<span style=\"text-decoration: underline;\"><strong>الأسعار:\r\n</strong></span>\r\nتجاري 75-130 الف\r\nإداري من 29 ألف\r\n\r\n\r\n<span style=\"text-decoration: underline;\"><strong>أنظمة الدفع لجميع الأنشطة (التجارية - الإدارية - الطبية)\r\n</strong></span>\r\n10٪ مقدم من دفعات ربع سنوية متساوية لمدة 7 سنوات\r\n15٪ مقدم من دفعات ربع سنوية متساوية لمدة 8 سنوات\r\nدفع 25٪ مُقدم ، أي أقساط ربع سنوية متساوية لمدة 9 سنوات\r\n10٪ وديعة صيانة مقسمة عند الاستلام لمدة عامين ونصف\r\n- 8٪ صيانة\r\n\r\n- 2٪ تسويق</span></pre>', NULL, NULL, 'Waren Development', 47, 'ar', '2021-05-19 19:50:25', '2021-05-19 19:53:05');

-- --------------------------------------------------------

--
-- Table structure for table `regions`
--

CREATE TABLE `regions` (
  `id` bigint(20) UNSIGNED NOT NULL,
  `created_at` timestamp NOT NULL DEFAULT current_timestamp(),
  `updated_at` timestamp NOT NULL DEFAULT current_timestamp() ON UPDATE current_timestamp()
) ENGINE=InnoDB DEFAULT CHARSET=utf8mb4 COLLATE=utf8mb4_unicode_ci;

--
-- Dumping data for table `regions`
--

INSERT INTO `regions` (`id`, `created_at`, `updated_at`) VALUES
(1, '2020-10-13 12:47:03', '2020-10-13 12:47:03'),
(2, '2020-10-15 11:40:35', '2020-10-15 11:40:35'),
(3, '2020-10-15 11:40:52', '2020-10-15 11:40:52'),
(4, '2020-10-15 11:41:05', '2020-10-15 11:41:05'),
(5, '2020-10-15 11:41:23', '2020-10-15 11:41:23'),
(6, '2020-10-15 11:41:37', '2020-10-15 11:41:37'),
(7, '2020-10-15 11:41:52', '2020-10-15 11:41:52');

-- --------------------------------------------------------

--
-- Table structure for table `region_translations`
--

CREATE TABLE `region_translations` (
  `id` bigint(20) UNSIGNED NOT NULL,
  `name` varchar(191) COLLATE utf8mb4_unicode_ci NOT NULL,
  `region_id` bigint(20) UNSIGNED NOT NULL,
  `locale` varchar(191) COLLATE utf8mb4_unicode_ci NOT NULL,
  `created_at` timestamp NOT NULL DEFAULT current_timestamp(),
  `updated_at` timestamp NOT NULL DEFAULT current_timestamp() ON UPDATE current_timestamp()
) ENGINE=InnoDB DEFAULT CHARSET=utf8mb4 COLLATE=utf8mb4_unicode_ci;

--
-- Dumping data for table `region_translations`
--

INSERT INTO `region_translations` (`id`, `name`, `region_id`, `locale`, `created_at`, `updated_at`) VALUES
(1, 'unallocated', 1, 'en', '2020-10-13 12:47:03', '2020-10-13 12:47:03'),
(2, 'غير محدد', 1, 'ar', '2020-10-13 12:47:03', '2020-10-13 12:47:03'),
(3, 'New capital', 2, 'en', '2020-10-15 11:40:35', '2020-10-15 11:40:35'),
(4, 'العاصمه الجديده', 2, 'ar', '2020-10-15 11:40:35', '2020-10-15 11:40:35'),
(5, 'North coast', 3, 'en', '2020-10-15 11:40:52', '2020-10-15 11:40:52'),
(6, 'الساحل الشمالي', 3, 'ar', '2020-10-15 11:40:52', '2020-10-15 11:40:52'),
(7, 'Sohkna', 4, 'en', '2020-10-15 11:41:06', '2020-10-15 11:41:06'),
(8, 'العين السخنه', 4, 'ar', '2020-10-15 11:41:06', '2020-10-15 11:41:06'),
(9, 'Mostakbal city', 5, 'en', '2020-10-15 11:41:23', '2020-10-15 11:41:23'),
(10, 'مدينه المستقبل', 5, 'ar', '2020-10-15 11:41:23', '2020-10-15 11:41:23'),
(11, 'New cairo', 6, 'en', '2020-10-15 11:41:37', '2020-10-15 11:41:37'),
(12, 'القاهره الجديده', 6, 'ar', '2020-10-15 11:41:37', '2020-10-15 11:41:37'),
(13, 'Matrouh', 7, 'en', '2020-10-15 11:41:52', '2020-10-15 11:41:52'),
(14, 'مرسي مطروح', 7, 'ar', '2020-10-15 11:41:52', '2020-10-15 11:41:52');

-- --------------------------------------------------------

--
-- Table structure for table `settings`
--

CREATE TABLE `settings` (
  `id` bigint(20) UNSIGNED NOT NULL,
  `facebook` varchar(191) COLLATE utf8mb4_unicode_ci NOT NULL,
  `twitter` varchar(191) COLLATE utf8mb4_unicode_ci NOT NULL,
  `instagram` varchar(191) COLLATE utf8mb4_unicode_ci NOT NULL,
  `phone` varchar(191) COLLATE utf8mb4_unicode_ci NOT NULL,
  `email` varchar(191) COLLATE utf8mb4_unicode_ci NOT NULL,
  `whatsapp` varchar(191) COLLATE utf8mb4_unicode_ci NOT NULL,
  `map` text COLLATE utf8mb4_unicode_ci NOT NULL,
  `created_at` timestamp NOT NULL DEFAULT current_timestamp(),
  `updated_at` timestamp NOT NULL DEFAULT current_timestamp() ON UPDATE current_timestamp()
) ENGINE=InnoDB DEFAULT CHARSET=utf8mb4 COLLATE=utf8mb4_unicode_ci;

--
-- Dumping data for table `settings`
--

INSERT INTO `settings` (`id`, `facebook`, `twitter`, `instagram`, `phone`, `email`, `whatsapp`, `map`, `created_at`, `updated_at`) VALUES
(1, 'RealtyexpertsEgypt', 'Rec_realtyexp', 'Realty.experts', '+201149588588', 'info@realtyexperts.co', '+201149588588', 'https://www.google.com/maps/embed?pb=!1m18!1m12!1m3!1d6908.4398625395825!2d31.455560940237056!3d30.030547640349713!2m3!1f0!2f0!3f0!3m2!1i1024!2i768!4f13.1!3m3!1m2!1s0x145822c1931fd679%3A0xd695368765168ecc!2sN%2090th%20Street%20-%20Service%20Ln%2C%20First%20New%20Cairo%2C%20Cairo%20Governorate!5e0!3m2!1sen!2seg!4v1601975925419!5m2!1sen!2seg', '2020-10-13 12:27:06', '2021-01-18 16:57:54');

-- --------------------------------------------------------

--
-- Table structure for table `setting_translations`
--

CREATE TABLE `setting_translations` (
  `id` bigint(20) UNSIGNED NOT NULL,
  `address` varchar(191) COLLATE utf8mb4_unicode_ci NOT NULL,
  `setting_id` bigint(20) UNSIGNED NOT NULL,
  `locale` varchar(191) COLLATE utf8mb4_unicode_ci NOT NULL,
  `created_at` timestamp NOT NULL DEFAULT current_timestamp(),
  `updated_at` timestamp NOT NULL DEFAULT current_timestamp() ON UPDATE current_timestamp()
) ENGINE=InnoDB DEFAULT CHARSET=utf8mb4 COLLATE=utf8mb4_unicode_ci;

--
-- Dumping data for table `setting_translations`
--

INSERT INTO `setting_translations` (`id`, `address`, `setting_id`, `locale`, `created_at`, `updated_at`) VALUES
(1, 'N 90 st., Fifth Settlement, New Cairo, Cairo, Egypt', 1, 'en', '2020-10-13 12:27:06', '2021-01-18 16:57:54'),
(2, 'N 90 st., Fifth Settlement, New Cairo, Cairo, Egypt', 1, 'ar', '2020-10-13 12:27:06', '2021-01-18 16:57:54');

-- --------------------------------------------------------

--
-- Table structure for table `subscribers`
--

CREATE TABLE `subscribers` (
  `id` bigint(20) UNSIGNED NOT NULL,
  `email` varchar(191) COLLATE utf8mb4_unicode_ci NOT NULL,
  `created_at` timestamp NOT NULL DEFAULT current_timestamp(),
  `updated_at` timestamp NOT NULL DEFAULT current_timestamp() ON UPDATE current_timestamp()
) ENGINE=InnoDB DEFAULT CHARSET=utf8mb4 COLLATE=utf8mb4_unicode_ci;

--
-- Dumping data for table `subscribers`
--

INSERT INTO `subscribers` (`id`, `email`, `created_at`, `updated_at`) VALUES
(1, 'elbiheiry2@gmail.com', '2020-10-20 04:32:29', '2020-10-20 04:32:29'),
(2, 'mohamedsasa201042@yahoo.com', '2020-10-20 04:32:50', '2020-10-20 04:32:50'),
(3, 'payments@raindropsco.com', '2020-11-14 19:34:15', '2020-11-14 19:34:15'),
(4, 'tytusw@ymail.com', '2020-11-16 11:24:38', '2020-11-16 11:24:38'),
(5, 'maireyr@gmail.com', '2020-11-18 03:33:57', '2020-11-18 03:33:57'),
(6, 'wpathl@aol.com', '2020-11-22 03:18:55', '2020-11-22 03:18:55'),
(7, 'higbock@gmail.com', '2020-12-07 22:12:56', '2020-12-07 22:12:56'),
(8, 'real_hadi@hotmail.com', '2020-12-11 19:16:03', '2020-12-11 19:16:03'),
(9, 'd.haffner@icloud.com', '2020-12-18 09:37:21', '2020-12-18 09:37:21'),
(10, 'mmyers55@me.com', '2020-12-18 10:22:23', '2020-12-18 10:22:23'),
(11, 'luki.martino@gmail.com', '2021-01-23 13:28:48', '2021-01-23 13:28:48'),
(12, 'chloe.bernard.pro@gmail.com', '2021-02-03 23:31:13', '2021-02-03 23:31:13'),
(13, 'halofaithtomasiyo@gmail.com', '2021-02-05 04:24:13', '2021-02-05 04:24:13'),
(14, 'brendan@brendanspaar.com', '2021-02-08 11:15:27', '2021-02-08 11:15:27'),
(15, 'monica.duncan1019@yahoo.com', '2021-02-22 02:07:24', '2021-02-22 02:07:24'),
(16, 'Nickolas.Hilll66@yahoo.com', '2021-03-03 16:39:05', '2021-03-03 16:39:05'),
(17, 'madskyla@gmail.com', '2021-03-12 02:36:51', '2021-03-12 02:36:51'),
(18, 'irene_kaesberg@yahoo.com', '2021-03-17 18:01:47', '2021-03-17 18:01:47'),
(19, 'Jessika29@gmail.com', '2021-05-18 17:09:04', '2021-05-18 17:09:04'),
(20, 'adriennecdo@gmail.com', '2021-06-06 20:53:36', '2021-06-06 20:53:36'),
(21, 'lelemarie86@gmail.com', '2021-06-22 12:29:16', '2021-06-22 12:29:16'),
(22, 'cornelia.orr@comcast.net', '2021-08-19 21:31:03', '2021-08-19 21:31:03'),
(23, 'roufaidakarim@yahoo.com', '2021-09-28 03:40:28', '2021-09-28 03:40:28'),
(24, 'trac@mozej.com', '2021-10-15 05:25:19', '2021-10-15 05:25:19');

-- --------------------------------------------------------

--
-- Table structure for table `testimonials`
--

CREATE TABLE `testimonials` (
  `id` bigint(20) UNSIGNED NOT NULL,
  `image` varchar(191) COLLATE utf8mb4_unicode_ci NOT NULL,
  `created_at` timestamp NOT NULL DEFAULT current_timestamp(),
  `updated_at` timestamp NOT NULL DEFAULT current_timestamp() ON UPDATE current_timestamp()
) ENGINE=InnoDB DEFAULT CHARSET=utf8mb4 COLLATE=utf8mb4_unicode_ci;

--
-- Dumping data for table `testimonials`
--

INSERT INTO `testimonials` (`id`, `image`, `created_at`, `updated_at`) VALUES
(3, '4aux8bS7Bt4xvMHOzrLrQ0ygJ5Mk3lyC3izquJWk.jpeg', '2020-10-20 06:34:23', '2020-10-20 06:34:23');

-- --------------------------------------------------------

--
-- Table structure for table `testimonial_translations`
--

CREATE TABLE `testimonial_translations` (
  `id` bigint(20) UNSIGNED NOT NULL,
  `name` varchar(191) COLLATE utf8mb4_unicode_ci NOT NULL,
  `position` varchar(191) COLLATE utf8mb4_unicode_ci NOT NULL,
  `description` text COLLATE utf8mb4_unicode_ci NOT NULL,
  `testimonial_id` bigint(20) UNSIGNED NOT NULL,
  `locale` varchar(191) COLLATE utf8mb4_unicode_ci NOT NULL,
  `created_at` timestamp NOT NULL DEFAULT current_timestamp(),
  `updated_at` timestamp NOT NULL DEFAULT current_timestamp() ON UPDATE current_timestamp()
) ENGINE=InnoDB DEFAULT CHARSET=utf8mb4 COLLATE=utf8mb4_unicode_ci;

--
-- Dumping data for table `testimonial_translations`
--

INSERT INTO `testimonial_translations` (`id`, `name`, `position`, `description`, `testimonial_id`, `locale`, `created_at`, `updated_at`) VALUES
(3, 'Username', 'UI Developer', 'It is a long established fact that a reader will be distracted by the readable content of a page when looking at its layout. The point of using Lorem Ipsum is that it has a more-or-less normal distribution of letters, as opposed to using \'Content here, content here\', making it look like readable English', 3, 'en', '2020-10-20 06:34:23', '2020-10-25 19:31:03'),
(4, 'اسم المستخدم', 'مطور وجهات', 'هو ببساطة نص شكلي (بمعنى أن الغاية هي الشكل وليس المحتوى) ويُستخدم في صناعات المطابع ودور النشر. كان لوريم إيبسوم ولايزال المعيار للنص الشكلي منذ القرن الخامس عشر عندما قامت مطبعة مجهولة برص مجموعة من الأحرف بشكل عشوائي أخذتها من نص، لتكوّن كتيّب بمثابة دليل أو مرجع شكلي لهذه الأحرف.', 3, 'ar', '2020-10-20 06:34:23', '2020-10-25 19:31:03');

-- --------------------------------------------------------

--
-- Table structure for table `users`
--

CREATE TABLE `users` (
  `id` bigint(20) UNSIGNED NOT NULL,
  `name` varchar(191) COLLATE utf8mb4_unicode_ci NOT NULL,
  `email` varchar(191) COLLATE utf8mb4_unicode_ci NOT NULL,
  `email_verified_at` timestamp NULL DEFAULT NULL,
  `password` varchar(191) COLLATE utf8mb4_unicode_ci NOT NULL,
  `remember_token` varchar(100) COLLATE utf8mb4_unicode_ci DEFAULT NULL,
  `created_at` timestamp NOT NULL DEFAULT current_timestamp(),
  `updated_at` timestamp NOT NULL DEFAULT current_timestamp() ON UPDATE current_timestamp()
) ENGINE=InnoDB DEFAULT CHARSET=utf8mb4 COLLATE=utf8mb4_unicode_ci;

--
-- Indexes for dumped tables
--

--
-- Indexes for table `abouts`
--
ALTER TABLE `abouts`
  ADD PRIMARY KEY (`id`);

--
-- Indexes for table `about_translations`
--
ALTER TABLE `about_translations`
  ADD PRIMARY KEY (`id`),
  ADD UNIQUE KEY `about_translations_about_id_locale_unique` (`about_id`,`locale`),
  ADD KEY `about_translations_locale_index` (`locale`);

--
-- Indexes for table `admins`
--
ALTER TABLE `admins`
  ADD PRIMARY KEY (`id`),
  ADD UNIQUE KEY `admins_email_unique` (`email`);

--
-- Indexes for table `categories`
--
ALTER TABLE `categories`
  ADD PRIMARY KEY (`id`);

--
-- Indexes for table `category_translations`
--
ALTER TABLE `category_translations`
  ADD PRIMARY KEY (`id`),
  ADD UNIQUE KEY `category_translations_category_id_locale_unique` (`category_id`,`locale`),
  ADD KEY `category_translations_locale_index` (`locale`);

--
-- Indexes for table `failed_jobs`
--
ALTER TABLE `failed_jobs`
  ADD PRIMARY KEY (`id`);

--
-- Indexes for table `galleries`
--
ALTER TABLE `galleries`
  ADD PRIMARY KEY (`id`);

--
-- Indexes for table `home_sections`
--
ALTER TABLE `home_sections`
  ADD PRIMARY KEY (`id`);

--
-- Indexes for table `home_section_translations`
--
ALTER TABLE `home_section_translations`
  ADD PRIMARY KEY (`id`),
  ADD UNIQUE KEY `home_section_translations_home_section_id_locale_unique` (`home_section_id`,`locale`),
  ADD KEY `home_section_translations_locale_index` (`locale`);

--
-- Indexes for table `members`
--
ALTER TABLE `members`
  ADD PRIMARY KEY (`id`);

--
-- Indexes for table `member_links`
--
ALTER TABLE `member_links`
  ADD PRIMARY KEY (`id`),
  ADD KEY `member_links_member_id_foreign` (`member_id`);

--
-- Indexes for table `member_translations`
--
ALTER TABLE `member_translations`
  ADD PRIMARY KEY (`id`),
  ADD UNIQUE KEY `member_translations_member_id_locale_unique` (`member_id`,`locale`),
  ADD KEY `member_translations_locale_index` (`locale`);

--
-- Indexes for table `messages`
--
ALTER TABLE `messages`
  ADD PRIMARY KEY (`id`);

--
-- Indexes for table `migrations`
--
ALTER TABLE `migrations`
  ADD PRIMARY KEY (`id`);

--
-- Indexes for table `partners`
--
ALTER TABLE `partners`
  ADD PRIMARY KEY (`id`);

--
-- Indexes for table `password_resets`
--
ALTER TABLE `password_resets`
  ADD KEY `password_resets_email_index` (`email`);

--
-- Indexes for table `projects`
--
ALTER TABLE `projects`
  ADD PRIMARY KEY (`id`),
  ADD KEY `projects_category_id_foreign` (`category_id`),
  ADD KEY `projects_region_id_foreign` (`region_id`);

--
-- Indexes for table `project_galleries`
--
ALTER TABLE `project_galleries`
  ADD PRIMARY KEY (`id`),
  ADD KEY `project_galleries_project_id_foreign` (`project_id`);

--
-- Indexes for table `project_translations`
--
ALTER TABLE `project_translations`
  ADD PRIMARY KEY (`id`),
  ADD UNIQUE KEY `project_translations_project_id_locale_unique` (`project_id`,`locale`),
  ADD KEY `project_translations_locale_index` (`locale`);

--
-- Indexes for table `regions`
--
ALTER TABLE `regions`
  ADD PRIMARY KEY (`id`);

--
-- Indexes for table `region_translations`
--
ALTER TABLE `region_translations`
  ADD PRIMARY KEY (`id`),
  ADD UNIQUE KEY `region_translates_region_id_locale_unique` (`region_id`,`locale`),
  ADD KEY `region_translates_locale_index` (`locale`);

--
-- Indexes for table `settings`
--
ALTER TABLE `settings`
  ADD PRIMARY KEY (`id`);

--
-- Indexes for table `setting_translations`
--
ALTER TABLE `setting_translations`
  ADD PRIMARY KEY (`id`),
  ADD UNIQUE KEY `setting_translations_setting_id_locale_unique` (`setting_id`,`locale`),
  ADD KEY `setting_translations_locale_index` (`locale`);

--
-- Indexes for table `subscribers`
--
ALTER TABLE `subscribers`
  ADD PRIMARY KEY (`id`);

--
-- Indexes for table `testimonials`
--
ALTER TABLE `testimonials`
  ADD PRIMARY KEY (`id`);

--
-- Indexes for table `testimonial_translations`
--
ALTER TABLE `testimonial_translations`
  ADD PRIMARY KEY (`id`),
  ADD UNIQUE KEY `testimonial_translations_testimonial_id_locale_unique` (`testimonial_id`,`locale`),
  ADD KEY `testimonial_translations_locale_index` (`locale`);

--
-- Indexes for table `users`
--
ALTER TABLE `users`
  ADD PRIMARY KEY (`id`),
  ADD UNIQUE KEY `users_email_unique` (`email`);

--
-- AUTO_INCREMENT for dumped tables
--

--
-- AUTO_INCREMENT for table `abouts`
--
ALTER TABLE `abouts`
  MODIFY `id` bigint(20) UNSIGNED NOT NULL AUTO_INCREMENT, AUTO_INCREMENT=2;

--
-- AUTO_INCREMENT for table `about_translations`
--
ALTER TABLE `about_translations`
  MODIFY `id` bigint(20) UNSIGNED NOT NULL AUTO_INCREMENT, AUTO_INCREMENT=3;

--
-- AUTO_INCREMENT for table `admins`
--
ALTER TABLE `admins`
  MODIFY `id` bigint(20) UNSIGNED NOT NULL AUTO_INCREMENT, AUTO_INCREMENT=2;

--
-- AUTO_INCREMENT for table `categories`
--
ALTER TABLE `categories`
  MODIFY `id` bigint(20) UNSIGNED NOT NULL AUTO_INCREMENT, AUTO_INCREMENT=10;

--
-- AUTO_INCREMENT for table `category_translations`
--
ALTER TABLE `category_translations`
  MODIFY `id` bigint(20) UNSIGNED NOT NULL AUTO_INCREMENT, AUTO_INCREMENT=23;

--
-- AUTO_INCREMENT for table `failed_jobs`
--
ALTER TABLE `failed_jobs`
  MODIFY `id` bigint(20) UNSIGNED NOT NULL AUTO_INCREMENT;

--
-- AUTO_INCREMENT for table `galleries`
--
ALTER TABLE `galleries`
  MODIFY `id` bigint(20) UNSIGNED NOT NULL AUTO_INCREMENT, AUTO_INCREMENT=12;

--
-- AUTO_INCREMENT for table `home_sections`
--
ALTER TABLE `home_sections`
  MODIFY `id` bigint(20) UNSIGNED NOT NULL AUTO_INCREMENT, AUTO_INCREMENT=2;

--
-- AUTO_INCREMENT for table `home_section_translations`
--
ALTER TABLE `home_section_translations`
  MODIFY `id` bigint(20) UNSIGNED NOT NULL AUTO_INCREMENT, AUTO_INCREMENT=3;

--
-- AUTO_INCREMENT for table `members`
--
ALTER TABLE `members`
  MODIFY `id` bigint(20) UNSIGNED NOT NULL AUTO_INCREMENT, AUTO_INCREMENT=11;

--
-- AUTO_INCREMENT for table `member_links`
--
ALTER TABLE `member_links`
  MODIFY `id` bigint(20) UNSIGNED NOT NULL AUTO_INCREMENT, AUTO_INCREMENT=5;

--
-- AUTO_INCREMENT for table `member_translations`
--
ALTER TABLE `member_translations`
  MODIFY `id` bigint(20) UNSIGNED NOT NULL AUTO_INCREMENT, AUTO_INCREMENT=21;

--
-- AUTO_INCREMENT for table `messages`
--
ALTER TABLE `messages`
  MODIFY `id` bigint(20) UNSIGNED NOT NULL AUTO_INCREMENT, AUTO_INCREMENT=16;

--
-- AUTO_INCREMENT for table `migrations`
--
ALTER TABLE `migrations`
  MODIFY `id` int(10) UNSIGNED NOT NULL AUTO_INCREMENT, AUTO_INCREMENT=75;

--
-- AUTO_INCREMENT for table `partners`
--
ALTER TABLE `partners`
  MODIFY `id` bigint(20) UNSIGNED NOT NULL AUTO_INCREMENT, AUTO_INCREMENT=8;

--
-- AUTO_INCREMENT for table `projects`
--
ALTER TABLE `projects`
  MODIFY `id` bigint(20) UNSIGNED NOT NULL AUTO_INCREMENT, AUTO_INCREMENT=48;

--
-- AUTO_INCREMENT for table `project_galleries`
--
ALTER TABLE `project_galleries`
  MODIFY `id` bigint(20) UNSIGNED NOT NULL AUTO_INCREMENT, AUTO_INCREMENT=72;

--
-- AUTO_INCREMENT for table `project_translations`
--
ALTER TABLE `project_translations`
  MODIFY `id` bigint(20) UNSIGNED NOT NULL AUTO_INCREMENT, AUTO_INCREMENT=93;

--
-- AUTO_INCREMENT for table `regions`
--
ALTER TABLE `regions`
  MODIFY `id` bigint(20) UNSIGNED NOT NULL AUTO_INCREMENT, AUTO_INCREMENT=8;

--
-- AUTO_INCREMENT for table `region_translations`
--
ALTER TABLE `region_translations`
  MODIFY `id` bigint(20) UNSIGNED NOT NULL AUTO_INCREMENT, AUTO_INCREMENT=15;

--
-- AUTO_INCREMENT for table `subscribers`
--
ALTER TABLE `subscribers`
  MODIFY `id` bigint(20) UNSIGNED NOT NULL AUTO_INCREMENT, AUTO_INCREMENT=25;

--
-- AUTO_INCREMENT for table `testimonials`
--
ALTER TABLE `testimonials`
  MODIFY `id` bigint(20) UNSIGNED NOT NULL AUTO_INCREMENT, AUTO_INCREMENT=4;

--
-- AUTO_INCREMENT for table `testimonial_translations`
--
ALTER TABLE `testimonial_translations`
  MODIFY `id` bigint(20) UNSIGNED NOT NULL AUTO_INCREMENT, AUTO_INCREMENT=5;
COMMIT;

/*!40101 SET CHARACTER_SET_CLIENT=@OLD_CHARACTER_SET_CLIENT */;
/*!40101 SET CHARACTER_SET_RESULTS=@OLD_CHARACTER_SET_RESULTS */;
/*!40101 SET COLLATION_CONNECTION=@OLD_COLLATION_CONNECTION */;
